type,id,mac,rssi,rate,sig_mode,mcs,bandwidth,smoothing,not_sounding,aggregation,stbc,fec_coding,sgi,noise_floor,ampdu_cnt,channel,secondary_channel,local_timestamp,ant,sig_len,rx_state,len,first_word,data
CSI_DATA,35343,1a:00:00:00:00:00,-25,11,1,0,1,1,1,0,0,0,0,-96,0,11,2,8219694,0,47,0,384,1,"[47,-16,2,0,0,0,0,0,0,0,-2,3,-7,14,-7,14,-7,15,-7,14,-7,14,-6,14,-6,13,-6,14,-6,14,-5,14,-5,15,-5,15,-5,15,-5,14,-4,14,-4,15,-3,15,-2,14,-2,14,-3,14,-3,14,-3,14,-2,14,-1,15,-2,16,-2,15,-1,8,-1,16,-1,16,-1,17,0,17,0,16,-1,17,-1,17,0,17,0,17,0,18,-1,18,-1,18,-1,18,-2,18,-2,18,-2,19,-2,19,-3,19,-3,18,-3,18,-4,18,-5,18,-5,18,-6,18,-6,18,-6,17,-2,4,0,0,0,0,0,0,0,0,-1,-1,-3,2,-21,23,-21,25,-20,25,-18,25,-16,26,-15,26,-15,26,-15,26,-14,26,-13,25,-13,24,-12,24,-12,25,-12,25,-11,26,-11,27,-11,27,-10,26,-9,26,-9,27,-8,27,-7,26,-6,25,-7,26,-7,26,-7,26,-6,27,-5,28,-5,29,-5,29,-6,30,-3,29,-3,30,-2,31,-2,31,-3,30,-4,31,-4,32,-4,32,-4,32,-4,33,-4,33,-4,33,-4,34,-5,35,-6,35,-6,36,-7,36,-8,35,-8,34,-9,34,-10,34,-11,34,-11,33,-12,33,-13,33,-14,32,-4,8,-1,-1,0,0,0,0,0,0,0,0,-1,-1,-1,-1,-1,-1,-1,-1,-7,-6,-25,-23,-24,-24,-23,-25,-23,-26,-22,-26,-20,-26,-19,-26,-18,-27,-17,-28,-17,-29,-18,-29,-18,-29,-17,-29,-17,-29,-16,-28,-16,-29,-15,-28,-15,-27,-14,-26,-14,-26,-14,-27,-14,-27,-13,-27,-14,-26,-15,-27,-15,-26,-14,-26,-15,-24,-16,-24,-17,-24,-17,-23,-17,-23,-17,-24,-17,-24,-17,-23,-18,-23,-19,-23,-20,-22,-21,-21,-21,-21,-22,-21,-22,-21,-23,-21,-23,-21,-23,-20,-23,-19,-23,-19,-24,-19,-24,-19,-25,-19,-25,-18,-26,-18,-25,-18,-24,-20,-26,-21,-26,-22,-27,-21,-4,-3]"
CSI_DATA,35344,1a:00:00:00:00:00,-25,11,1,0,1,1,1,0,0,0,0,-96,0,11,2,8270670,0,47,0,384,1,"[47,-16,2,0,0,0,0,0,0,0,2,-4,8,-14,8,-14,8,-15,8,-14,8,-14,7,-14,7,-14,7,-14,6,-14,6,-14,6,-15,6,-15,5,-15,5,-15,5,-15,5,-15,4,-16,3,-15,3,-15,3,-15,3,-15,3,-15,2,-15,2,-16,2,-17,2,-17,0,-9,1,-17,2,-18,1,-18,1,-18,1,-17,1,-18,1,-18,1,-18,1,-18,1,-19,1,-19,1,-19,1,-19,1,-19,2,-19,2,-20,2,-20,2,-20,3,-19,4,-19,4,-19,5,-19,5,-19,5,-19,5,-19,5,-18,1,-5,0,0,0,0,0,0,0,0,0,1,3,3,22,21,22,21,23,20,24,19,18,-2,18,-1,18,-1,18,-2,17,-3,16,-3,16,-3,16,-3,16,-3,16,-4,16,-5,17,-5,17,-5,16,-5,16,-6,16,-6,15,-6,15,-5,14,-5,14,-6,14,-7,14,-7,14,-7,14,-8,15,-10,16,-10,31,5,15,-10,15,-11,15,-11,15,-11,15,-10,15,-10,15,-10,16,-10,16,-10,16,-11,16,-12,16,-12,17,-11,18,-11,18,-11,18,-10,18,-10,18,-10,18,-10,18,-9,18,-8,19,-8,19,-8,19,-8,19,-8,19,-7,6,-1,1,0,-1,-1,-1,-1,0,0,-1,-1,-1,-1,-1,-1,-1,-1,-1,-1,-2,4,-7,19,-8,19,-9,19,-9,19,-9,18,-9,16,-9,16,-10,16,-11,16,-11,16,-11,18,-11,18,-12,17,-12,17,-11,16,-12,16,-13,15,-12,14,-11,13,-11,14,-11,14,-11,14,-11,14,-10,15,-10,16,-10,16,-28,11,-9,14,-9,14,-9,15,-8,15,-8,15,-8,15,-8,14,-8,14,-8,14,-7,15,-6,16,-5,17,-5,17,-5,17,-6,17,-6,17,-4,17,-4,17,-4,17,-3,16,-3,17,-3,17,-2,17,-1,17,-2,18,-2,18,-23,21,-23,22,-24,23,-24,23,-4,2]"
CSI_DATA,35345,1a:00:00:00:00:00,-25,11,1,0,1,1,1,0,0,0,0,-96,0,11,2,8321688,0,47,0,384,1,"[47,-16,2,0,0,0,0,0,0,0,1,3,6,14,6,14,7,14,6,14,6,14,6,13,6,13,6,13,7,12,7,12,8,13,8,13,8,12,8,12,8,12,9,12,9,11,9,11,9,11,9,11,9,11,9,11,10,10,11,10,11,11,10,11,5,5,12,10,12,11,12,11,13,11,13,11,12,11,13,11,13,11,13,11,13,11,14,11,13,11,13,11,13,12,13,13,13,14,13,14,13,14,12,14,12,14,11,15,11,15,10,15,11,15,10,15,9,16,2,4,0,0,0,0,0,0,0,0,-1,-1,0,3,2,30,3,31,4,31,5,30,9,28,9,28,9,28,9,27,9,26,9,25,9,25,9,25,10,25,11,24,13,24,14,25,14,25,13,24,14,23,14,24,15,24,14,22,14,21,14,22,14,22,15,22,16,21,18,21,19,21,19,22,18,25,19,21,20,22,21,22,22,21,21,22,20,23,20,24,20,23,21,24,22,24,23,23,23,24,23,25,23,26,22,27,21,28,21,28,20,28,19,28,18,29,18,30,17,30,16,29,16,29,16,30,15,31,3,7,-1,-1,0,0,0,0,0,0,0,0,-1,-1,-1,-1,-1,-1,-1,-1,-9,0,-33,3,-33,1,-34,-1,-34,-2,-33,-3,-32,-3,-32,-4,-32,-6,-32,-6,-32,-6,-33,-5,-33,-6,-33,-7,-32,-7,-31,-8,-32,-8,-31,-8,-29,-8,-28,-9,-28,-9,-29,-9,-28,-8,-28,-7,-28,-7,-29,-7,-29,-6,-29,-7,-27,-6,-28,-6,-28,-5,-28,-4,-28,-4,-28,-5,-28,-4,-28,-4,-28,-3,-29,-1,-29,0,-29,1,-29,2,-30,1,-30,1,-30,1,-30,2,-29,2,-29,3,-29,3,-30,4,-30,4,-29,5,-29,6,-30,6,-30,6,-31,3,-32,3,-34,3,-34,3,-5,0]"
CSI_DATA,35346,1a:00:00:00:00:00,-25,11,1,0,1,1,1,0,0,0,0,-96,0,11,2,8373209,0,47,0,384,1,"[47,-16,2,0,0,0,0,0,0,0,-3,-3,-9,-12,-9,-12,-9,-12,-9,-12,-9,-12,-9,-11,-9,-11,-9,-11,-9,-10,-10,-10,-10,-10,-10,-11,-10,-10,-10,-10,-10,-10,-11,-10,-11,-9,-11,-8,-11,-9,-11,-9,-11,-9,-11,-8,-11,-8,-12,-8,-12,-9,-12,-9,-7,-4,-13,-8,-13,-9,-14,-8,-14,-8,-14,-8,-14,-8,-14,-9,-14,-8,-14,-8,-15,-9,-15,-9,-15,-9,-15,-9,-15,-10,-15,-10,-15,-11,-15,-11,-14,-11,-14,-11,-14,-11,-13,-12,-13,-12,-13,-12,-12,-13,-12,-13,-12,-13,-3,-4,0,0,0,0,0,0,0,0,-1,-4,-2,-11,-9,-57,-9,-56,-11,-55,-12,-54,-22,-49,-23,-49,-23,-48,-24,-48,-24,-46,-25,-45,-25,-44,-25,-43,-25,-42,-26,-42,-28,-43,-28,-43,-28,-42,-29,-42,-30,-42,-32,-41,-33,-39,-32,-38,-32,-37,-32,-37,-33,-36,-34,-36,-34,-35,-36,-36,-38,-37,-39,-37,-34,-46,-40,-35,-42,-35,-43,-35,-45,-36,-45,-36,-45,-36,-44,-37,-45,-37,-45,-37,-46,-39,-46,-40,-46,-40,-47,-42,-47,-44,-47,-44,-46,-46,-46,-46,-45,-46,-44,-47,-43,-48,-42,-49,-39,-49,-38,-50,-37,-51,-36,-53,-35,-54,-11,-17,-2,-4,0,0,0,1,-1,-1,0,0,0,0,-2,-1,-2,-1,2,0,16,-3,56,-8,57,-7,57,-5,57,-3,56,-1,56,1,55,2,54,3,54,4,54,6,56,7,55,7,54,8,54,9,54,9,53,9,52,9,50,9,49,9,50,10,50,9,49,9,47,9,48,9,49,8,49,7,49,18,46,5,48,4,48,3,49,2,49,1,49,1,48,1,47,-1,47,-2,48,-4,48,-5,48,-6,49,-6,51,-7,50,-8,51,-9,50,-10,50,-12,49,-13,48,-14,48,-14,48,-15,48,-15,49,-16,49,-16,50,-16,56,-5,56,-6,57,-7,57,-8,10,-2]"
CSI_DATA,35347,1a:00:00:00:00:00,-25,11,1,0,1,1,1,0,0,0,0,-96,0,11,2,8423689,0,47,0,384,1,"[47,-16,2,0,0,0,0,0,0,0,-2,3,-8,13,-8,14,-8,14,-8,14,-8,13,-7,13,-7,13,-6,13,-6,13,-6,14,-6,14,-6,14,-5,14,-5,14,-5,14,-5,14,-4,14,-3,14,-3,14,-3,14,-3,14,-3,14,-2,14,-2,15,-2,16,-3,16,-1,8,-1,16,-2,16,-2,17,-1,17,-1,16,-1,17,-1,17,-1,17,-1,17,-1,18,-1,18,-1,18,-2,18,-2,18,-3,18,-3,19,-3,19,-3,19,-4,18,-4,18,-5,18,-5,18,-6,18,-6,18,-6,18,-7,17,-2,4,0,0,0,0,0,0,0,0,-1,-1,-4,1,-27,15,-27,16,-28,17,-26,17,-20,21,-20,22,-20,22,-20,22,-18,22,-18,21,-17,21,-16,22,-16,21,-16,22,-15,23,-15,23,-15,23,-15,23,-14,23,-14,24,-13,24,-12,23,-12,24,-12,24,-11,23,-11,24,-10,24,-10,26,-10,27,-10,27,-17,26,-8,27,-8,28,-8,29,-8,29,-8,29,-9,30,-9,30,-9,29,-9,30,-9,30,-9,31,-10,30,-11,32,-11,32,-12,32,-13,32,-13,32,-14,32,-14,32,-14,31,-15,31,-16,30,-16,29,-17,29,-18,28,-19,28,-5,6,-1,-1,-1,-1,0,0,0,0,0,0,-1,-1,-1,-1,-1,-1,-1,-1,-5,-7,-18,-27,-18,-28,-16,-29,-16,-30,-15,-30,-13,-29,-13,-29,-12,-29,-11,-29,-10,-30,-11,-31,-11,-31,-10,-31,-9,-31,-9,-31,-9,-31,-8,-30,-8,-29,-7,-28,-7,-28,-8,-28,-8,-27,-8,-27,-8,-28,-9,-29,-9,-28,-4,-29,-9,-26,-10,-26,-11,-26,-12,-26,-12,-26,-12,-25,-12,-24,-12,-25,-13,-25,-14,-25,-15,-25,-15,-24,-16,-24,-16,-25,-17,-25,-17,-25,-18,-25,-18,-24,-18,-23,-19,-23,-19,-23,-20,-23,-20,-22,-20,-22,-21,-23,-20,-23,-15,-27,-16,-29,-17,-30,-17,-29,-3,-4]"
CSI_DATA,35348,1a:00:00:00:00:00,-25,11,1,0,1,1,1,0,0,0,0,-96,0,11,2,8474674,0,47,0,384,1,"[47,-16,2,0,0,0,0,0,0,0,-1,3,-1,13,0,14,0,14,-1,14,0,13,0,13,0,13,0,13,1,13,1,13,2,13,2,13,2,13,2,13,2,13,2,13,3,13,3,12,3,12,3,12,3,12,3,12,4,12,5,12,5,13,5,13,2,6,6,13,5,13,5,13,6,13,6,13,6,14,6,14,6,14,6,14,6,14,6,14,6,14,6,15,6,15,5,15,5,16,5,16,5,16,4,16,4,16,3,16,3,16,3,16,3,16,2,16,2,16,0,4,0,0,0,0,0,0,0,0,-2,-1,-5,-2,-27,-11,-27,-10,-27,-10,-27,-9,-13,6,-13,6,-13,6,-13,6,-12,6,-12,6,-12,6,-11,6,-11,7,-11,7,-11,8,-11,8,-11,8,-12,8,-11,8,-10,8,-10,8,-10,7,-10,7,-10,8,-9,8,-9,9,-9,8,-9,9,-9,10,-9,11,-29,4,-9,10,-9,11,-9,11,-9,11,-9,11,-10,11,-10,11,-10,11,-9,11,-9,12,-9,12,-9,12,-10,12,-11,12,-12,12,-12,11,-12,11,-12,11,-13,11,-12,10,-12,10,-12,10,-12,9,-12,9,-13,9,-14,9,-6,2,-2,-1,0,-1,0,0,0,0,-1,-1,-1,-1,-1,-1,-1,-1,-1,-1,-2,-4,-6,-16,-5,-17,-4,-16,-4,-17,-3,-16,-2,-16,-2,-16,-1,-16,-1,-15,-2,-15,-2,-16,-1,-17,0,-17,0,-17,-1,-16,0,-16,0,-16,1,-15,1,-15,1,-15,0,-15,0,-14,-1,-14,0,-14,0,-15,-1,-15,18,-20,0,-14,0,-14,-1,-14,-2,-14,-2,-14,-1,-14,-1,-14,-1,-14,-2,-13,-3,-13,-4,-13,-4,-14,-4,-14,-4,-15,-4,-14,-4,-15,-4,-14,-5,-14,-4,-14,-5,-13,-6,-14,-6,-13,-6,-12,-7,-13,-6,-14,-6,-14,10,-25,11,-27,11,-29,10,-27,1,-4]"
CSI_DATA,35349,1a:00:00:00:00:00,-25,11,1,0,1,1,1,0,0,0,0,-96,0,11,2,8525684,0,47,0,384,1,"[47,-16,2,0,0,0,0,0,0,0,-4,-1,-14,-4,-14,-3,-15,-3,-15,-3,-14,-3,-14,-3,-14,-3,-14,-3,-14,-2,-14,-1,-14,-1,-15,-1,-14,-1,-14,-1,-14,-1,-14,0,-14,0,-13,1,-13,1,-14,0,-14,0,-13,1,-13,2,-14,3,-15,2,-15,2,-8,1,-15,3,-15,3,-15,3,-15,4,-15,4,-15,3,-16,3,-16,3,-16,4,-16,4,-16,4,-16,4,-17,4,-17,4,-17,3,-18,3,-18,3,-18,3,-17,2,-18,1,-18,1,-18,1,-17,0,-17,0,-17,0,-17,0,-5,-1,0,0,0,0,0,0,0,0,-1,-1,-4,-2,-27,-9,-27,-9,-28,-8,-27,-7,-27,-7,-27,-7,-27,-6,-27,-6,-26,-5,-26,-5,-26,-5,-26,-4,-26,-3,-26,-3,-26,-3,-27,-3,-27,-2,-26,-2,-26,-1,-27,0,-27,1,-25,1,-25,2,-25,1,-25,1,-25,2,-25,3,-26,3,-27,3,-27,4,-28,4,-26,5,-27,6,-28,7,-28,8,-28,7,-28,7,-29,7,-28,7,-29,7,-30,7,-30,7,-30,7,-31,6,-32,7,-32,7,-33,6,-33,6,-33,5,-32,4,-33,3,-33,3,-33,2,-32,1,-32,0,-33,-1,-32,-2,-9,-1,0,0,0,0,-1,-1,-1,-1,0,0,0,0,0,0,-1,-1,-1,-1,4,-7,16,-25,17,-25,17,-24,18,-24,19,-23,19,-21,19,-21,19,-20,20,-20,21,-20,22,-20,22,-20,22,-19,22,-19,22,-18,21,-19,21,-19,20,-18,20,-17,20,-16,20,-17,20,-17,19,-17,20,-16,20,-17,20,-18,19,-18,18,-17,17,-18,17,-19,16,-19,16,-20,16,-19,16,-19,15,-20,15,-21,14,-21,13,-21,13,-21,13,-22,13,-23,12,-24,12,-24,12,-25,12,-24,11,-24,10,-24,10,-25,10,-25,10,-25,9,-26,9,-26,9,-26,10,-27,10,-28,9,-28,9,-28,1,-4]"
CSI_DATA,35350,1a:00:00:00:00:00,-25,11,1,0,1,1,1,0,0,0,0,-96,0,11,2,8576725,0,47,0,384,1,"[47,-16,2,0,0,0,0,0,0,0,1,-4,5,-15,5,-16,5,-16,5,-16,5,-15,4,-15,4,-15,4,-15,3,-15,3,-15,3,-16,2,-16,2,-16,2,-15,2,-15,1,-16,0,-16,0,-15,0,-15,0,-15,0,-15,0,-15,-1,-15,-2,-16,-1,-17,-1,-17,-1,-9,-2,-17,-2,-17,-3,-18,-3,-18,-3,-18,-3,-18,-3,-18,-3,-18,-3,-18,-3,-19,-3,-19,-3,-19,-3,-19,-3,-19,-3,-19,-3,-20,-2,-21,-2,-20,-1,-20,-1,-20,0,-20,0,-20,0,-20,1,-20,1,-19,2,-19,0,-5,0,0,0,0,0,0,0,0,1,-1,5,-3,29,-14,28,-15,28,-16,27,-16,18,-23,18,-23,17,-23,17,-23,16,-23,15,-23,14,-23,14,-23,13,-23,13,-23,13,-24,13,-25,12,-24,12,-25,12,-25,11,-26,10,-26,9,-25,8,-24,8,-24,7,-24,7,-25,7,-25,7,-26,7,-28,7,-28,17,-28,6,-28,5,-29,4,-30,4,-30,4,-30,4,-30,4,-30,4,-31,4,-31,4,-32,5,-32,5,-32,5,-33,6,-34,6,-34,7,-34,8,-34,8,-33,9,-33,9,-33,10,-33,11,-32,11,-31,12,-31,13,-31,14,-31,4,-9,1,-2,-1,0,-1,0,-1,-1,0,0,0,0,-1,-1,-1,-1,-1,-1,3,6,14,27,13,28,11,29,11,29,10,28,9,28,8,28,8,28,7,28,7,28,7,29,6,30,6,30,5,30,5,29,5,29,5,29,4,27,4,26,4,27,5,27,5,26,5,26,5,26,5,27,5,27,-3,29,5,25,6,25,7,25,9,25,9,24,9,24,9,24,10,24,10,23,11,23,12,23,12,23,13,23,14,24,14,24,15,24,15,23,16,21,16,21,16,20,17,21,17,21,17,20,18,20,19,21,19,21,12,27,12,29,13,31,14,30,1,3]"
CSI_DATA,35351,1a:00:00:00:00:00,-30,11,1,0,1,1,1,0,0,0,0,-96,0,11,2,8627702,0,47,0,384,1,"[47,-16,2,0,0,0,0,0,0,0,2,-4,9,-13,9,-13,9,-14,9,-14,9,-13,8,-13,8,-13,7,-13,7,-14,7,-14,7,-14,7,-15,7,-15,6,-15,6,-15,6,-15,5,-15,4,-15,4,-15,4,-15,4,-15,4,-15,3,-15,3,-16,3,-17,3,-17,1,-9,2,-17,3,-18,2,-18,1,-18,1,-18,2,-18,2,-18,2,-18,2,-19,1,-19,2,-20,2,-20,2,-20,2,-20,3,-20,3,-21,3,-21,3,-20,4,-20,4,-20,5,-20,6,-20,6,-20,6,-20,6,-19,7,-19,1,-5,0,0,0,0,0,0,0,0,1,-1,4,-4,25,-18,25,-19,25,-20,24,-20,20,-23,20,-23,20,-23,19,-23,18,-23,17,-23,17,-22,16,-23,16,-23,16,-24,16,-25,15,-25,15,-25,14,-25,14,-26,13,-27,12,-27,11,-26,11,-25,11,-25,11,-26,10,-26,10,-27,10,-28,9,-30,9,-30,13,-30,7,-30,7,-31,6,-32,6,-32,7,-32,7,-32,8,-32,8,-33,8,-34,8,-34,8,-35,8,-35,8,-36,9,-36,10,-36,10,-36,11,-36,11,-36,12,-35,13,-35,14,-35,15,-35,15,-34,16,-34,17,-34,17,-33,5,-10,1,-2,-1,0,-1,0,0,0,-1,-1,-1,-1,-1,-1,-1,-1,-1,-1,3,7,12,29,11,30,10,30,9,31,8,30,7,29,6,29,5,30,5,30,4,31,4,31,4,31,4,31,3,31,3,30,3,31,3,30,3,28,2,27,2,27,2,28,2,28,3,28,3,28,3,28,4,28,3,28,4,26,5,27,6,27,7,26,7,26,6,26,7,26,7,26,8,26,10,26,11,25,12,25,12,25,13,26,13,25,14,25,15,25,16,24,16,22,16,23,17,24,17,24,17,23,18,23,18,23,18,23,17,26,18,26,18,27,18,27,2,3]"
CSI_DATA,35352,1a:00:00:00:00:00,-25,11,1,0,1,1,1,0,0,0,0,-96,0,11,2,8678696,0,47,0,384,1,"[47,-16,2,0,0,0,0,0,0,0,3,-1,14,-4,14,-4,14,-4,14,-4,13,-4,12,-5,12,-5,12,-5,12,-5,12,-6,12,-6,12,-6,12,-6,12,-6,12,-6,12,-7,11,-7,10,-8,10,-8,11,-8,11,-8,10,-8,10,-8,10,-9,11,-9,11,-9,5,-5,11,-10,11,-10,11,-11,11,-11,11,-11,11,-11,11,-11,11,-11,11,-11,11,-12,12,-12,12,-12,12,-12,12,-12,13,-11,13,-12,13,-11,13,-11,13,-11,13,-11,14,-10,14,-10,14,-9,14,-9,14,-9,15,-8,3,-2,0,0,0,0,0,0,0,0,-1,-1,6,1,53,13,54,12,56,10,55,8,52,-3,52,-4,52,-4,52,-5,50,-6,48,-7,47,-7,47,-8,47,-8,47,-9,48,-12,49,-13,49,-13,47,-13,47,-15,48,-16,47,-16,44,-17,43,-18,44,-17,44,-17,43,-18,43,-20,44,-22,46,-24,46,-26,52,-18,43,-27,45,-28,46,-30,45,-30,45,-29,47,-28,48,-28,47,-29,49,-30,50,-31,50,-31,51,-32,53,-32,54,-32,55,-30,55,-29,55,-29,55,-27,55,-26,56,-24,58,-24,58,-22,57,-21,57,-20,58,-19,59,-17,14,-5,-1,-1,0,0,0,0,0,0,0,0,-1,-1,-1,-1,-1,-1,-1,-1,-5,13,-19,55,-21,54,-24,54,-25,54,-26,52,-26,49,-27,48,-28,48,-30,48,-31,48,-31,49,-31,49,-32,48,-33,47,-33,46,-33,46,-33,46,-31,42,-31,40,-31,39,-31,40,-30,40,-30,40,-29,41,-30,43,-29,43,-32,41,-25,41,-26,43,-24,44,-23,44,-23,43,-23,43,-23,43,-22,43,-21,44,-19,46,-17,47,-15,48,-14,49,-14,50,-14,50,-14,50,-12,50,-10,49,-10,49,-9,49,-8,50,-8,51,-7,51,-5,52,-5,53,-5,53,-14,53,-14,57,-15,58,-15,57,-2,6]"
CSI_DATA,35353,1a:00:00:00:00:00,-25,11,1,0,1,1,1,0,0,0,0,-96,0,11,2,8729693,0,47,0,384,1,"[47,-16,2,0,0,0,0,0,0,0,1,-3,7,-12,7,-13,7,-13,7,-13,7,-13,6,-13,6,-13,6,-12,5,-12,5,-13,5,-13,5,-14,5,-14,5,-13,4,-13,4,-14,3,-14,2,-13,2,-13,3,-14,3,-13,2,-13,2,-13,1,-14,2,-15,2,-15,0,-8,1,-15,1,-16,1,-16,0,-16,0,-16,0,-16,1,-16,0,-16,0,-16,1,-17,1,-17,1,-17,1,-17,1,-17,1,-17,2,-18,2,-18,2,-18,2,-18,3,-17,3,-17,4,-17,4,-17,4,-17,5,-17,5,-17,1,-5,0,0,0,0,0,0,0,0,0,-1,3,-4,19,-19,20,-20,20,-20,19,-21,16,-22,16,-23,16,-23,15,-23,14,-22,13,-22,13,-22,12,-22,12,-22,12,-22,12,-23,11,-24,11,-24,10,-24,10,-25,9,-25,8,-25,7,-24,7,-24,7,-24,7,-24,6,-24,6,-25,5,-26,5,-27,5,-27,8,-27,3,-27,3,-28,3,-28,3,-29,3,-29,3,-29,4,-29,4,-29,4,-30,4,-31,4,-31,4,-31,4,-32,5,-32,5,-32,6,-32,6,-32,7,-32,7,-32,8,-31,9,-31,10,-31,10,-30,11,-30,12,-30,12,-30,4,-9,0,-2,-1,0,-1,0,-1,-1,0,0,0,0,-1,-1,-1,-1,-1,-1,3,6,14,25,13,25,12,26,12,27,11,26,10,26,9,26,9,26,8,26,8,27,8,28,8,28,8,28,7,27,6,27,6,27,6,27,6,25,5,24,5,24,5,24,5,24,6,24,6,24,6,25,7,25,6,25,7,23,8,23,9,23,9,23,9,22,9,23,9,22,10,22,10,22,11,22,12,21,13,21,14,21,14,22,14,21,15,21,16,20,16,20,16,19,16,19,17,19,17,19,17,19,18,18,19,18,19,19,18,21,18,22,19,22,19,23,2,2]"
CSI_DATA,35354,1a:00:00:00:00:00,-25,11,1,0,1,1,1,0,0,0,0,-96,0,11,2,8780696,0,47,0,384,1,"[47,-16,2,0,0,0,0,0,0,0,0,-4,2,-15,2,-15,1,-15,2,-15,1,-15,1,-14,1,-14,0,-14,0,-14,0,-14,0,-14,0,-15,-1,-14,-1,-14,-1,-14,-1,-14,-2,-14,-3,-13,-3,-14,-3,-14,-3,-14,-3,-13,-3,-13,-4,-14,-4,-15,-4,-15,-2,-8,-5,-15,-5,-15,-5,-15,-6,-15,-6,-15,-6,-16,-6,-16,-6,-15,-6,-15,-6,-16,-5,-16,-5,-16,-5,-16,-5,-17,-5,-17,-5,-18,-5,-18,-5,-18,-4,-17,-4,-17,-3,-17,-3,-17,-3,-17,-2,-18,-2,-18,-1,-17,-1,-5,0,0,0,0,0,0,0,0,0,-2,2,-5,14,-24,14,-24,14,-24,13,-25,8,-26,8,-26,8,-26,7,-26,7,-26,6,-25,5,-25,5,-25,5,-24,4,-25,4,-26,3,-26,3,-26,3,-26,2,-26,2,-26,1,-26,0,-25,0,-25,0,-25,0,-25,-1,-25,-1,-25,-2,-26,-3,-27,-3,-27,3,-29,-4,-27,-5,-27,-5,-28,-5,-28,-5,-29,-5,-29,-5,-29,-5,-29,-5,-29,-5,-30,-5,-30,-5,-30,-5,-31,-4,-32,-4,-32,-3,-32,-2,-32,-2,-32,-1,-32,0,-32,0,-32,1,-31,2,-31,2,-31,3,-31,4,-31,1,-10,0,-2,-1,0,-1,0,-1,-1,0,0,0,0,0,0,-1,-1,-1,-1,5,4,23,17,22,18,22,19,21,20,20,20,19,20,19,20,18,20,18,21,17,21,18,22,18,22,17,23,17,22,16,22,16,23,15,22,14,21,14,21,14,21,14,20,14,20,14,20,14,20,15,21,15,20,14,22,15,18,16,18,16,18,17,17,17,17,17,17,17,17,17,16,18,16,18,15,19,15,19,15,20,15,21,15,21,15,21,15,22,14,22,13,22,12,22,12,22,11,22,12,22,11,23,11,23,11,23,11,22,15,23,16,24,16,24,15,2,1]"
CSI_DATA,35355,1a:00:00:00:00:00,-25,11,1,0,1,1,1,0,0,0,0,-96,0,11,2,8831724,0,47,0,384,1,"[47,-16,2,0,0,0,0,0,0,0,-4,-1,-15,-1,-15,-1,-15,0,-15,0,-15,0,-14,0,-14,0,-14,0,-14,1,-14,1,-14,1,-15,1,-14,1,-14,1,-14,2,-14,2,-14,3,-13,3,-13,4,-13,3,-13,3,-13,4,-13,4,-13,4,-14,5,-14,5,-7,2,-14,6,-14,5,-15,6,-14,6,-14,6,-15,6,-15,6,-15,6,-15,6,-15,7,-15,6,-15,6,-16,6,-16,6,-16,6,-17,6,-17,6,-17,5,-17,5,-17,5,-17,4,-17,4,-17,3,-17,3,-17,2,-17,2,-5,0,0,0,0,0,0,0,0,0,-2,-1,-6,-2,-28,-8,-28,-8,-28,-7,-28,-6,-28,-4,-28,-3,-27,-3,-27,-3,-27,-2,-27,-2,-26,-1,-26,-1,-25,0,-26,0,-26,1,-27,1,-26,1,-26,2,-26,2,-26,3,-26,4,-25,4,-25,4,-25,4,-25,5,-25,5,-25,6,-25,6,-26,7,-27,8,-28,6,-26,9,-26,9,-27,9,-27,10,-28,10,-28,10,-28,10,-28,10,-28,10,-29,10,-29,10,-29,10,-30,10,-31,9,-31,9,-32,9,-33,8,-33,8,-33,7,-32,6,-32,6,-32,5,-32,4,-32,3,-33,2,-33,2,-10,0,-2,-1,0,-1,0,0,-1,-1,-1,-1,-1,-1,-1,-1,-1,-1,-1,-1,2,-7,11,-28,12,-27,13,-27,14,-27,14,-26,15,-25,15,-25,15,-24,16,-23,17,-23,17,-24,18,-25,18,-24,18,-23,18,-23,18,-23,18,-22,17,-21,17,-21,17,-21,16,-21,16,-20,16,-20,16,-20,17,-21,16,-21,17,-20,14,-20,14,-21,14,-21,13,-22,13,-22,13,-22,12,-22,12,-22,11,-22,11,-23,10,-24,10,-24,9,-25,9,-25,9,-25,9,-26,9,-26,8,-26,7,-26,6,-26,6,-26,6,-26,6,-26,5,-27,5,-27,6,-27,8,-27,8,-29,9,-30,8,-29,0,-4]"
CSI_DATA,35356,1a:00:00:00:00:00,-30,11,1,0,1,1,1,0,0,0,0,-96,0,11,2,8882705,0,47,0,384,1,"[47,-16,2,0,0,0,0,0,0,0,-3,-3,-12,-11,-13,-11,-13,-11,-13,-11,-13,-10,-13,-10,-13,-10,-13,-9,-13,-9,-13,-9,-14,-9,-14,-9,-14,-9,-14,-8,-14,-8,-15,-8,-15,-7,-15,-6,-15,-6,-15,-6,-15,-6,-15,-6,-15,-5,-16,-5,-16,-6,-16,-6,-9,-3,-17,-4,-18,-5,-18,-5,-18,-4,-18,-4,-18,-4,-18,-4,-18,-4,-19,-4,-19,-4,-19,-5,-19,-5,-19,-5,-20,-5,-20,-5,-21,-6,-21,-6,-20,-6,-20,-6,-19,-7,-19,-8,-19,-8,-19,-9,-19,-9,-18,-9,-18,-10,-5,-3,0,0,0,0,0,0,0,0,-1,-2,-3,-6,-13,-30,-13,-30,-14,-29,-15,-28,-19,-24,-20,-24,-20,-24,-20,-23,-20,-22,-20,-21,-20,-21,-20,-20,-21,-20,-21,-19,-22,-20,-22,-20,-22,-19,-23,-19,-23,-18,-24,-18,-24,-17,-24,-16,-24,-15,-24,-15,-24,-15,-25,-14,-25,-14,-26,-14,-28,-14,-28,-14,-26,-20,-28,-13,-29,-13,-30,-12,-31,-12,-31,-12,-31,-12,-31,-12,-32,-12,-32,-12,-33,-13,-33,-13,-33,-14,-33,-15,-34,-16,-34,-16,-35,-17,-35,-17,-34,-18,-34,-18,-33,-18,-33,-19,-31,-19,-31,-20,-30,-21,-30,-23,-30,-23,-9,-8,-2,-2,0,0,0,0,0,0,-1,-1,-1,-1,-1,-1,-1,-1,-1,-1,7,-3,30,-9,31,-8,31,-7,31,-6,31,-5,30,-5,30,-4,30,-4,30,-3,30,-2,31,-2,31,-1,31,-1,31,0,30,0,30,0,30,0,28,0,26,1,26,2,27,2,27,0,26,0,27,1,28,0,28,-1,29,3,26,-2,26,-3,27,-4,27,-5,27,-5,27,-5,26,-6,26,-6,26,-7,26,-8,26,-8,26,-9,26,-9,27,-10,26,-11,27,-11,27,-12,26,-13,25,-13,24,-14,25,-14,25,-14,24,-15,25,-15,25,-16,25,-16,28,-11,30,-12,32,-13,30,-12,3,-2]"
CSI_DATA,35357,1a:00:00:00:00:00,-25,11,1,0,1,1,1,0,0,0,0,-96,0,11,2,8933684,0,47,0,384,1,"[47,-16,2,0,0,0,0,0,0,0,-2,3,-6,13,-5,13,-5,13,-5,13,-5,13,-5,12,-4,12,-4,12,-4,12,-4,12,-4,13,-4,13,-3,13,-3,13,-3,13,-2,13,-1,13,-1,12,0,13,-1,13,-1,13,0,13,0,13,0,13,0,14,0,14,0,7,2,14,1,14,2,15,2,15,2,14,2,15,2,15,2,15,3,15,2,15,2,16,2,16,2,16,2,16,2,16,2,17,1,17,1,17,1,17,1,17,0,17,0,17,-1,17,-1,17,-2,16,-2,16,-1,4,0,0,0,0,0,0,0,0,-2,-1,-6,-2,-28,-7,-28,-6,-28,-6,-28,-5,-18,9,-18,9,-18,9,-18,9,-17,9,-16,9,-16,9,-16,9,-16,9,-15,10,-16,11,-16,11,-15,11,-15,11,-15,11,-14,12,-14,12,-13,11,-13,11,-13,11,-12,12,-12,12,-12,12,-12,13,-12,15,-13,15,-28,8,-11,15,-11,15,-11,16,-11,17,-11,16,-11,16,-12,16,-11,16,-11,17,-11,17,-12,17,-12,17,-13,17,-13,18,-14,18,-14,17,-14,18,-14,17,-15,16,-15,16,-15,16,-15,15,-15,15,-16,15,-17,14,-17,14,-7,3,-2,-1,0,-1,1,-1,0,0,0,0,-1,-1,-1,0,-1,0,0,-2,-1,-8,-2,-24,-2,-24,-1,-24,-1,-24,0,-23,1,-23,1,-22,2,-22,2,-22,3,-23,3,-23,3,-24,3,-23,4,-23,3,-23,3,-22,3,-21,4,-20,4,-20,4,-20,3,-20,3,-20,3,-20,3,-20,3,-21,2,-21,17,-21,2,-19,1,-19,1,-19,0,-20,0,-20,0,-20,0,-19,-1,-19,-1,-19,-2,-20,-2,-20,-3,-19,-3,-20,-3,-20,-4,-20,-4,-20,-5,-20,-5,-20,-5,-19,-6,-19,-6,-19,-7,-19,-7,-19,-7,-19,-8,-20,-8,-20,7,-28,7,-29,7,-29,7,-29,1,-6]"
CSI_DATA,35358,1a:00:00:00:00:00,-25,11,1,0,1,1,1,0,0,0,0,-96,0,11,2,8984689,0,47,0,384,1,"[47,-16,2,0,0,0,0,0,0,0,0,3,3,15,3,15,4,15,4,15,4,15,4,14,4,14,4,14,4,14,5,14,5,14,5,14,5,14,5,14,5,13,6,13,7,13,7,12,7,12,7,12,7,12,7,12,8,12,8,12,9,13,8,13,4,6,10,13,10,13,11,13,11,13,11,13,11,13,11,13,11,13,11,13,11,14,11,14,11,14,11,14,11,15,11,15,11,16,11,16,10,16,10,16,9,16,9,16,8,17,8,17,8,17,7,17,6,17,1,4,0,0,0,0,0,0,0,0,-1,1,-2,5,-9,30,-8,31,-7,31,-6,31,1,29,1,29,1,29,2,28,2,28,3,27,3,27,3,26,4,26,4,27,5,27,5,27,5,27,6,27,6,26,7,26,8,26,8,24,8,24,8,24,9,24,9,24,10,25,11,25,12,26,12,26,6,30,13,24,14,25,15,25,15,26,15,26,15,26,14,26,15,27,15,27,16,28,16,28,16,28,15,29,15,30,15,30,15,31,15,32,14,32,12,31,12,32,11,32,10,33,9,33,8,33,7,33,6,33,1,10,-1,1,-1,-1,0,-2,0,0,0,0,-1,-1,-1,-1,-1,-1,-1,-1,-9,-2,-33,-8,-32,-10,-32,-11,-32,-12,-31,-12,-30,-13,-29,-13,-29,-14,-29,-15,-29,-16,-29,-17,-29,-17,-28,-17,-28,-17,-27,-17,-28,-17,-27,-17,-25,-16,-24,-16,-25,-17,-25,-17,-25,-16,-25,-16,-25,-16,-26,-16,-26,-15,-23,-19,-24,-13,-25,-13,-26,-12,-26,-12,-26,-12,-25,-12,-26,-12,-26,-11,-26,-10,-27,-9,-28,-9,-28,-8,-28,-7,-29,-7,-29,-7,-30,-6,-30,-6,-29,-6,-28,-5,-29,-5,-30,-4,-30,-4,-30,-4,-30,-3,-31,-2,-30,-3,-30,-9,-32,-9,-33,-9,-33,-9,-5,-2]"
CSI_DATA,35359,1a:00:00:00:00:00,-25,11,1,0,1,1,1,0,0,0,0,-96,0,11,2,9036000,0,47,0,384,1,"[47,-16,2,0,0,0,0,0,0,0,-4,0,-15,0,-15,0,-15,0,-15,0,-15,0,-14,1,-14,1,-14,1,-14,1,-14,2,-14,2,-14,2,-14,3,-14,3,-14,3,-14,3,-13,4,-13,4,-13,4,-13,4,-13,4,-13,5,-12,5,-13,6,-14,6,-14,6,-7,3,-13,7,-14,7,-14,7,-13,7,-13,7,-14,7,-14,8,-14,8,-14,8,-14,8,-15,8,-15,7,-15,8,-15,8,-16,7,-16,7,-16,7,-16,7,-16,7,-16,6,-16,6,-16,5,-17,5,-17,5,-17,4,-17,4,-5,1,0,0,0,0,0,0,0,0,-2,-2,-4,-4,-21,-20,-21,-20,-21,-19,-22,-18,-24,-9,-25,-9,-24,-8,-24,-8,-24,-7,-23,-7,-23,-6,-23,-6,-23,-6,-23,-5,-24,-5,-24,-4,-24,-4,-24,-3,-24,-3,-25,-2,-24,-2,-23,-1,-23,-1,-23,-1,-23,-1,-23,0,-23,0,-24,1,-25,2,-26,2,-28,-7,-24,3,-25,4,-26,4,-26,4,-26,4,-26,4,-27,4,-27,4,-27,4,-28,4,-28,4,-28,4,-29,4,-30,3,-30,3,-30,2,-30,2,-30,2,-30,1,-30,1,-30,0,-30,-1,-29,-2,-29,-2,-30,-3,-30,-4,-9,-2,-2,-1,0,0,0,0,0,0,0,0,-1,-1,-1,0,-1,0,1,-1,5,-7,17,-22,18,-21,19,-21,19,-20,19,-19,19,-18,20,-18,20,-17,20,-17,21,-17,22,-17,22,-17,22,-16,22,-16,22,-16,22,-16,21,-15,20,-14,20,-14,20,-14,19,-14,19,-14,19,-14,19,-14,19,-15,19,-15,25,-9,17,-15,17,-16,17,-16,17,-16,17,-16,16,-16,16,-16,16,-16,16,-17,15,-18,14,-19,14,-19,14,-20,15,-20,14,-21,14,-21,13,-21,13,-21,12,-21,11,-21,12,-22,11,-22,11,-22,10,-23,11,-23,11,-23,20,-20,20,-20,20,-21,20,-21,3,-4]"
CSI_DATA,35360,1a:00:00:00:00:00,-25,11,1,0,1,1,1,0,0,0,0,-96,0,11,2,9086782,0,47,0,384,1,"[47,-16,2,0,0,0,0,0,0,0,2,2,10,8,11,8,11,8,11,8,11,8,11,7,11,7,11,7,11,6,11,6,11,6,12,6,12,6,11,6,12,5,12,5,12,4,12,4,12,4,12,4,12,4,12,3,12,3,13,3,13,3,13,3,7,1,14,2,14,3,15,2,15,2,14,2,15,2,15,2,15,2,15,2,15,2,16,2,15,2,16,2,16,3,16,3,16,3,17,4,16,4,16,4,16,4,16,5,15,5,15,6,15,6,15,6,15,7,3,1,0,0,0,0,0,0,0,0,0,1,2,4,14,23,15,23,16,22,17,21,18,18,19,18,19,18,18,17,18,16,18,16,18,15,18,15,18,14,19,14,20,14,21,13,20,13,21,13,21,12,22,12,21,11,21,10,21,10,21,10,21,10,22,9,22,9,23,8,24,8,25,7,25,10,25,6,25,6,26,6,26,6,26,6,26,7,27,7,27,7,27,7,28,7,29,7,29,7,29,7,30,8,29,9,30,10,30,10,29,10,29,11,28,12,28,12,28,13,27,13,27,14,27,14,27,15,8,4,1,1,-1,-1,-1,-1,-1,-1,-1,-1,0,0,0,0,0,0,-1,-1,-7,2,-27,11,-28,10,-29,9,-29,8,-28,8,-28,6,-28,6,-28,5,-28,4,-29,4,-29,5,-30,5,-29,4,-29,3,-28,3,-29,3,-29,2,-27,2,-26,2,-26,2,-26,2,-26,2,-26,2,-26,3,-27,3,-26,4,-26,3,-25,4,-25,5,-25,6,-25,6,-25,6,-24,6,-24,6,-24,6,-24,7,-24,8,-24,10,-24,11,-24,11,-24,11,-24,11,-24,12,-23,12,-23,12,-22,13,-22,13,-22,14,-22,14,-22,15,-22,16,-22,16,-22,15,-24,14,-24,15,-25,15,-25,15,-4,1]"
CSI_DATA,35361,1a:00:00:00:00:00,-25,11,1,0,1,1,1,0,0,0,0,-96,0,11,2,9139882,0,47,0,384,1,"[47,-16,2,0,0,0,0,0,0,0,-4,0,-15,0,-15,1,-15,1,-15,1,-14,1,-14,1,-14,1,-14,2,-14,2,-14,2,-14,2,-14,2,-14,3,-13,3,-13,3,-14,4,-13,4,-12,4,-12,5,-13,5,-13,5,-13,5,-12,5,-13,6,-13,6,-13,6,-7,3,-13,7,-14,7,-14,7,-13,8,-13,8,-14,8,-14,8,-13,8,-14,8,-14,8,-14,8,-15,8,-15,8,-15,8,-15,8,-16,8,-16,8,-16,8,-16,7,-16,7,-16,6,-16,6,-17,5,-17,5,-17,4,-17,4,-5,1,0,0,0,0,0,0,0,0,-1,-1,-4,-2,-27,-11,-27,-10,-27,-9,-27,-8,-27,-4,-27,-3,-27,-4,-27,-3,-26,-2,-25,-2,-25,-1,-25,-1,-25,-1,-25,-1,-25,0,-26,1,-26,1,-25,1,-25,2,-26,3,-26,3,-24,3,-23,4,-24,4,-24,4,-24,4,-25,5,-25,6,-26,7,-26,7,-27,4,-24,8,-26,9,-26,10,-26,10,-26,9,-26,9,-27,9,-27,9,-28,10,-28,10,-28,10,-29,9,-29,10,-30,9,-30,9,-31,9,-31,9,-31,8,-30,7,-31,6,-31,6,-31,5,-31,4,-31,3,-32,3,-32,2,-8,0,0,0,0,0,-1,-1,-1,-1,0,0,0,0,0,0,-1,-1,-1,-1,2,-7,12,-27,13,-27,13,-26,14,-26,15,-25,15,-24,16,-23,16,-23,17,-23,18,-23,18,-23,18,-23,19,-23,18,-22,18,-22,18,-22,18,-21,17,-20,17,-19,17,-19,18,-19,17,-20,17,-19,17,-19,17,-20,16,-20,18,-19,14,-20,14,-20,14,-21,13,-21,13,-21,13,-21,13,-21,12,-21,12,-22,11,-23,10,-23,10,-23,10,-24,10,-24,9,-25,9,-25,9,-26,8,-25,8,-25,7,-25,7,-26,7,-26,6,-26,5,-26,5,-27,6,-27,10,-26,10,-27,10,-27,10,-27,1,-4]"
CSI_DATA,35362,1a:00:00:00:00:00,-25,11,1,0,1,1,1,0,0,0,0,-96,0,11,2,9189593,0,47,0,384,1,"[47,-16,2,0,0,0,0,0,0,0,2,-3,8,-12,8,-12,8,-12,8,-12,7,-12,7,-12,6,-12,6,-12,6,-12,6,-12,6,-13,6,-13,5,-13,5,-13,5,-13,5,-14,4,-14,3,-13,3,-13,3,-13,4,-13,3,-13,2,-13,2,-14,3,-14,3,-14,1,-8,2,-15,2,-15,2,-16,1,-15,2,-15,2,-16,2,-16,2,-16,1,-16,2,-16,2,-17,2,-17,2,-17,2,-17,3,-17,3,-17,3,-18,4,-17,4,-17,4,-17,5,-17,5,-16,5,-16,6,-16,6,-16,7,-16,1,-4,0,0,0,0,0,0,0,0,-1,-1,2,-2,22,-15,23,-15,24,-16,22,-17,18,-20,18,-20,18,-20,18,-20,16,-20,15,-20,15,-20,14,-20,14,-20,14,-20,14,-21,14,-21,14,-21,13,-21,13,-22,12,-23,11,-23,10,-22,10,-22,10,-22,9,-22,9,-22,9,-23,9,-24,9,-25,9,-25,14,-24,8,-25,7,-26,7,-27,7,-28,7,-27,7,-28,7,-28,7,-28,7,-28,8,-29,8,-29,8,-29,9,-30,10,-31,10,-30,11,-31,11,-30,12,-30,12,-29,13,-29,13,-29,14,-28,14,-27,15,-27,17,-27,17,-26,4,-7,0,0,0,0,-1,-1,-1,-1,0,0,0,0,0,0,-1,-1,-1,-1,2,6,12,25,11,26,11,26,10,27,9,26,8,27,7,27,7,26,6,26,5,26,5,28,5,28,4,28,4,28,4,27,4,27,4,27,3,25,3,25,3,25,4,25,4,24,3,24,3,24,3,25,4,25,1,25,5,23,5,23,6,23,7,23,7,23,7,23,7,22,8,22,8,22,9,22,10,22,10,22,11,22,11,22,12,22,13,22,13,22,13,21,14,21,14,20,15,21,14,20,14,20,15,20,16,21,16,20,13,23,14,25,15,25,15,24,1,2]"
CSI_DATA,35363,1a:00:00:00:00:00,-25,11,1,0,1,1,1,0,0,0,0,-96,0,11,2,9239714,0,47,0,384,1,"[47,-16,2,0,0,0,0,0,0,0,3,1,13,4,13,4,13,4,13,4,13,4,12,4,12,3,12,3,12,3,12,3,13,3,13,2,13,2,13,2,13,2,13,1,13,1,13,0,13,0,13,0,13,0,13,0,13,-1,13,-1,14,-1,14,-1,7,-1,14,-1,15,-1,15,-2,15,-2,15,-2,15,-2,15,-2,15,-2,15,-2,16,-2,16,-2,16,-1,16,-1,16,-1,16,-1,17,-1,17,0,17,0,17,0,16,1,16,1,16,2,16,2,17,2,16,3,16,3,4,1,0,0,0,0,0,0,0,0,0,0,3,3,21,16,22,16,22,16,23,15,24,11,24,11,24,11,23,10,23,10,23,9,22,8,22,8,22,7,23,7,24,7,24,7,24,6,24,6,24,5,25,5,24,4,24,3,23,3,23,3,23,3,24,2,24,2,25,1,26,1,26,0,27,3,26,-1,26,-1,27,-1,27,-2,28,-2,28,-1,28,-1,28,-1,28,-1,29,-1,29,-1,29,-1,30,0,31,0,31,1,32,2,32,2,31,3,31,3,31,4,30,4,30,5,30,6,30,7,30,8,30,9,9,3,1,0,-1,-1,-1,-1,0,0,-1,-1,-1,-1,0,-1,0,-1,-2,1,-7,6,-21,21,-21,20,-22,20,-23,19,-23,18,-23,17,-23,17,-23,16,-23,15,-24,15,-25,15,-25,15,-25,14,-26,14,-25,13,-25,13,-25,13,-23,12,-23,12,-23,12,-23,12,-22,12,-22,12,-23,12,-23,12,-23,13,-25,11,-21,13,-21,13,-21,14,-21,15,-20,15,-20,15,-20,15,-19,15,-19,15,-19,16,-19,17,-18,18,-19,18,-19,19,-19,19,-18,19,-18,19,-17,20,-16,20,-16,20,-16,21,-15,20,-15,21,-15,21,-16,21,-16,22,-19,21,-19,22,-19,22,-18,23,-4,4]"
CSI_DATA,35364,1a:00:00:00:00:00,-25,11,1,0,1,1,1,0,0,0,0,-96,0,11,2,9290697,0,47,0,384,1,"[47,-16,2,0,0,0,0,0,0,0,0,-4,1,-15,1,-15,0,-15,1,-15,0,-14,0,-14,0,-14,0,-14,-1,-14,-1,-14,-2,-14,-2,-14,-2,-14,-2,-14,-2,-14,-3,-14,-3,-14,-4,-13,-4,-13,-3,-13,-3,-13,-4,-13,-4,-13,-5,-13,-5,-14,-5,-14,-3,-7,-6,-14,-6,-15,-7,-15,-7,-14,-7,-14,-6,-15,-6,-15,-6,-15,-7,-15,-7,-15,-7,-15,-7,-15,-7,-16,-7,-16,-7,-16,-6,-17,-6,-17,-6,-17,-5,-17,-5,-17,-4,-17,-4,-17,-4,-17,-4,-17,-4,-17,-3,-17,-1,-5,0,0,0,0,0,0,0,0,-1,-2,-1,-6,-1,-28,-1,-28,-1,-28,-2,-28,0,-28,-1,-28,-1,-27,-1,-27,-1,-27,-2,-26,-2,-26,-3,-25,-3,-25,-4,-25,-5,-26,-5,-26,-5,-25,-6,-26,-6,-26,-7,-26,-8,-25,-8,-24,-8,-24,-8,-24,-8,-24,-9,-23,-10,-23,-10,-24,-11,-25,-11,-25,-14,-25,-13,-24,-13,-25,-14,-25,-15,-25,-15,-26,-15,-26,-14,-26,-15,-26,-15,-26,-15,-27,-15,-27,-15,-27,-15,-29,-15,-30,-15,-30,-14,-30,-14,-30,-14,-31,-13,-31,-12,-31,-11,-31,-11,-31,-10,-31,-9,-31,-8,-31,-8,-32,-3,-10,-1,-2,0,0,0,0,0,0,0,0,-1,-1,-1,-1,-1,-1,1,0,7,3,26,11,26,12,25,13,25,14,24,14,24,14,23,15,22,15,22,15,22,16,23,16,23,17,22,17,22,17,21,18,21,18,20,17,20,16,19,16,19,16,19,16,19,15,19,15,19,15,20,15,20,15,22,13,19,14,20,13,20,13,21,12,22,12,21,12,21,11,21,11,21,10,22,10,22,9,22,8,23,8,24,8,24,8,25,7,25,7,25,6,24,6,24,5,24,4,25,4,25,4,25,4,26,4,26,4,28,1,28,1,29,0,29,0,5,0]"
CSI_DATA,35365,1a:00:00:00:00:00,-25,11,1,0,1,1,1,0,0,0,0,-96,0,11,2,9341732,0,47,0,384,1,"[47,-16,2,0,0,0,0,0,0,0,0,-4,0,-15,0,-15,0,-15,0,-15,0,-15,0,-14,-1,-14,-1,-14,-1,-14,-2,-14,-2,-14,-2,-14,-2,-14,-2,-14,-2,-14,-3,-14,-3,-14,-4,-13,-4,-13,-4,-13,-4,-13,-4,-13,-4,-13,-5,-14,-5,-14,-5,-14,-3,-7,-6,-14,-6,-15,-6,-15,-6,-14,-6,-14,-6,-15,-6,-15,-6,-15,-7,-15,-6,-16,-6,-16,-6,-16,-6,-16,-6,-16,-5,-17,-5,-17,-5,-17,-5,-17,-4,-17,-4,-17,-4,-17,-3,-17,-3,-18,-2,-18,-2,-17,-1,-17,-1,-5,0,0,0,0,0,0,0,0,-1,-1,1,-3,16,-23,17,-23,16,-24,15,-24,7,-25,7,-25,7,-25,7,-25,6,-25,5,-24,5,-24,4,-24,4,-24,4,-24,4,-24,3,-25,3,-25,3,-24,2,-24,1,-25,1,-25,0,-24,0,-24,0,-24,0,-24,-1,-24,-1,-24,-1,-25,-2,-26,-2,-26,6,-28,-3,-25,-4,-26,-5,-27,-5,-27,-4,-27,-4,-28,-4,-28,-4,-28,-5,-28,-4,-29,-4,-29,-3,-29,-3,-30,-3,-31,-2,-31,-2,-32,-1,-31,-1,-31,0,-31,1,-31,1,-31,2,-31,3,-30,4,-30,5,-30,6,-30,1,-8,0,0,0,0,0,0,-1,-1,0,0,0,0,-1,-1,-1,-1,-1,-1,5,3,24,13,24,14,23,15,23,16,21,17,21,17,20,17,20,17,19,18,19,19,19,19,19,20,18,20,18,20,17,20,18,20,17,20,16,19,15,19,16,19,16,18,16,18,15,18,15,18,16,19,16,18,12,22,15,16,16,17,17,16,18,15,18,15,18,15,17,15,17,15,18,14,19,13,19,13,19,13,20,13,21,13,21,13,21,13,22,12,22,11,21,11,21,10,22,10,22,10,22,10,22,10,23,10,23,10,21,16,22,17,23,18,23,17,2,2]"
CSI_DATA,35366,1a:00:00:00:00:00,-25,11,1,0,1,1,1,0,0,0,0,-96,0,11,2,9393408,0,47,0,384,1,"[47,-16,2,0,0,0,0,0,0,0,-4,2,-14,8,-14,9,-14,9,-14,9,-13,9,-13,9,-13,9,-12,9,-12,9,-12,9,-12,10,-12,10,-12,10,-11,10,-11,10,-11,11,-10,11,-10,11,-10,11,-10,11,-10,11,-10,11,-9,11,-9,12,-10,13,-10,12,-5,6,-9,13,-10,14,-10,14,-9,14,-9,14,-10,14,-10,14,-10,14,-10,15,-10,15,-10,15,-10,15,-10,15,-11,15,-12,15,-12,15,-12,15,-12,15,-13,15,-13,14,-14,14,-14,13,-14,13,-15,13,-15,12,-15,12,-4,3,0,0,0,0,0,0,0,0,-1,-1,-4,1,-30,11,-30,11,-29,12,-29,13,-27,15,-27,14,-27,14,-26,15,-25,15,-24,15,-24,15,-24,16,-24,16,-24,16,-23,17,-23,18,-23,18,-22,18,-21,18,-22,19,-21,19,-20,19,-19,19,-20,19,-20,19,-19,19,-19,21,-19,22,-19,23,-19,24,-20,24,-17,24,-18,24,-18,26,-18,26,-18,25,-19,25,-19,26,-19,25,-20,26,-20,27,-20,27,-20,27,-21,28,-22,28,-23,28,-24,27,-24,27,-24,27,-25,26,-26,25,-26,24,-27,24,-27,23,-27,23,-28,22,-29,21,-8,5,-1,-1,-1,-1,0,0,0,0,-1,-1,-1,-1,-1,-1,-1,-1,-1,-1,-3,-8,-11,-32,-9,-32,-8,-33,-7,-33,-6,-33,-5,-32,-4,-32,-3,-32,-2,-33,-2,-33,-2,-34,-2,-34,-1,-34,-1,-33,-1,-33,0,-33,0,-33,0,-31,1,-29,1,-30,1,-30,1,-30,0,-30,0,-30,0,-30,-1,-30,0,-30,-2,-28,-2,-29,-3,-29,-3,-29,-3,-29,-3,-29,-3,-28,-4,-28,-5,-29,-6,-29,-7,-29,-8,-28,-9,-29,-9,-29,-9,-30,-9,-30,-10,-29,-11,-29,-10,-28,-11,-28,-12,-28,-12,-29,-13,-28,-14,-28,-14,-28,-13,-28,-12,-30,-12,-31,-13,-32,-13,-32,-2,-4]"
CSI_DATA,35367,1a:00:00:00:00:00,-25,11,1,0,1,1,1,0,0,0,0,-96,0,11,2,9443697,0,47,0,384,1,"[47,-16,2,0,0,0,0,0,0,0,3,1,12,6,12,6,13,6,13,6,12,6,12,5,12,5,12,5,12,5,12,4,12,4,13,4,13,4,12,4,12,3,13,3,13,2,12,1,12,1,12,2,12,2,12,2,13,1,13,1,13,1,14,1,7,0,14,0,15,0,15,0,15,-1,15,-1,15,0,15,0,15,0,15,0,16,-1,16,0,16,0,16,0,16,0,16,0,17,1,17,1,17,1,16,1,16,2,16,2,16,3,16,3,16,4,16,4,16,4,4,1,0,0,0,0,0,0,0,0,0,1,1,4,9,26,10,26,10,26,11,25,17,17,17,17,17,17,17,17,17,16,17,15,17,14,17,14,17,14,17,14,18,14,18,14,18,14,19,13,19,12,19,12,20,11,19,10,19,10,19,10,20,10,20,9,20,9,21,9,22,9,22,8,21,17,22,7,24,6,24,6,25,6,24,6,24,7,24,7,25,7,26,7,26,7,26,7,26,7,27,8,27,9,28,9,28,10,28,10,27,10,26,11,27,11,26,12,26,13,25,13,25,14,24,15,24,15,7,5,1,1,-1,-1,-1,-1,-1,-1,-1,-1,0,0,0,0,0,0,-1,-1,-7,2,-26,9,-26,8,-27,7,-27,6,-27,5,-26,4,-26,4,-26,3,-27,3,-27,2,-28,2,-28,1,-28,1,-27,1,-26,1,-27,1,-27,1,-26,1,-24,1,-24,0,-24,0,-25,0,-24,1,-24,1,-25,1,-25,2,-26,-6,-23,2,-24,3,-24,4,-23,5,-23,5,-23,4,-23,4,-23,5,-23,6,-23,7,-23,7,-22,8,-23,9,-23,9,-23,10,-23,10,-23,11,-22,11,-21,11,-21,12,-21,12,-22,12,-21,12,-21,13,-21,14,-21,13,-27,7,-28,8,-28,8,-29,9,-4,1]"
CSI_DATA,35369,1a:00:00:00:00:00,-25,11,1,0,1,1,1,0,0,0,0,-96,0,11,2,9545772,0,47,0,384,1,"[47,-16,2,0,0,0,0,0,0,0,-3,-3,-12,-12,-12,-11,-13,-11,-13,-11,-12,-11,-12,-10,-13,-10,-12,-10,-12,-9,-13,-9,-13,-9,-14,-9,-14,-9,-13,-9,-13,-9,-14,-8,-14,-8,-14,-7,-14,-7,-14,-7,-14,-7,-14,-7,-14,-6,-15,-6,-15,-7,-15,-7,-8,-3,-16,-6,-16,-6,-17,-6,-17,-6,-17,-6,-17,-6,-17,-6,-17,-6,-17,-6,-18,-6,-18,-6,-18,-7,-18,-7,-18,-7,-18,-8,-19,-8,-19,-8,-19,-9,-18,-9,-18,-9,-17,-10,-17,-10,-17,-10,-17,-11,-16,-11,-16,-12,-4,-3,0,0,0,0,0,0,0,0,-2,-2,-4,-5,-21,-24,-22,-24,-22,-24,-23,-23,-23,-22,-23,-22,-23,-21,-23,-21,-23,-20,-23,-19,-23,-18,-23,-18,-23,-18,-24,-17,-25,-17,-25,-17,-25,-16,-25,-16,-26,-15,-26,-15,-26,-14,-25,-13,-25,-13,-25,-13,-25,-13,-26,-12,-27,-12,-28,-12,-29,-11,-29,-11,-30,-11,-29,-9,-30,-9,-31,-9,-32,-9,-32,-9,-32,-10,-32,-10,-32,-10,-32,-10,-33,-11,-34,-11,-34,-11,-34,-11,-35,-12,-35,-13,-35,-14,-35,-14,-35,-15,-34,-15,-33,-16,-32,-17,-32,-18,-32,-18,-32,-19,-31,-20,-30,-21,-10,-7,-2,-2,0,0,0,0,0,0,-1,-1,-1,-1,-1,-1,-1,-1,-1,-1,6,-5,28,-18,28,-17,29,-16,30,-15,30,-14,29,-13,29,-12,29,-11,30,-10,30,-10,31,-10,31,-10,31,-9,30,-9,30,-8,31,-8,30,-8,28,-7,28,-7,28,-7,28,-7,28,-7,27,-7,28,-7,28,-8,28,-9,27,-8,26,-8,26,-9,26,-10,26,-11,26,-11,26,-11,26,-11,25,-11,25,-12,25,-13,24,-14,24,-15,24,-16,24,-16,25,-17,25,-17,24,-18,24,-18,23,-18,23,-18,23,-19,23,-19,23,-19,22,-20,22,-21,22,-20,24,-20,24,-21,25,-22,24,-23,2,-3]"
CSI_DATA,35370,1a:00:00:00:00:00,-25,11,1,0,1,1,1,0,0,0,0,-96,0,11,2,9596712,0,47,0,384,1,"[47,-16,2,0,0,0,0,0,0,0,-2,-4,-5,-16,-5,-16,-5,-16,-5,-16,-5,-16,-5,-15,-6,-15,-6,-14,-6,-14,-7,-14,-7,-15,-7,-15,-7,-15,-7,-14,-7,-14,-8,-14,-9,-13,-9,-13,-9,-13,-9,-13,-9,-13,-9,-12,-10,-12,-10,-13,-10,-13,-10,-13,-6,-7,-12,-13,-12,-13,-12,-13,-13,-13,-13,-13,-13,-13,-13,-13,-13,-13,-13,-13,-13,-13,-13,-14,-13,-14,-13,-14,-13,-15,-13,-15,-13,-15,-13,-16,-13,-16,-13,-16,-12,-16,-11,-16,-11,-16,-11,-17,-10,-17,-10,-17,-9,-17,-3,-5,0,0,0,0,0,0,0,0,-1,-2,-1,-6,-1,-32,-1,-32,-2,-32,-3,-32,-6,-31,-6,-31,-6,-30,-7,-30,-7,-29,-8,-28,-8,-28,-8,-27,-9,-27,-9,-27,-11,-28,-11,-28,-11,-27,-12,-27,-12,-27,-13,-27,-13,-26,-13,-25,-14,-25,-14,-25,-14,-25,-15,-24,-15,-24,-16,-25,-18,-25,-18,-25,-17,-28,-19,-24,-20,-24,-21,-25,-21,-25,-21,-25,-21,-26,-21,-26,-21,-26,-21,-26,-22,-27,-22,-27,-22,-27,-22,-29,-22,-30,-22,-30,-22,-30,-21,-31,-21,-31,-20,-31,-19,-31,-18,-32,-17,-32,-17,-32,-17,-33,-16,-33,-15,-33,-5,-11,-1,-3,0,0,0,1,0,0,0,0,-1,-1,-1,-1,-1,-1,-1,-1,7,1,32,5,31,6,32,8,32,9,31,9,30,10,29,10,29,11,28,12,29,12,30,12,30,13,29,14,28,14,28,14,28,14,27,14,26,13,25,13,25,13,25,13,25,13,25,12,25,12,26,12,26,11,26,12,25,10,25,10,26,9,26,8,27,8,27,8,26,8,26,7,26,7,27,5,27,5,28,4,28,4,29,4,29,3,29,3,29,2,29,1,29,1,28,0,29,0,29,0,29,-1,29,-2,30,-2,30,-2,31,1,32,0,33,0,33,0,3,-1]"
CSI_DATA,35371,1a:00:00:00:00:00,-25,11,1,0,1,1,1,0,0,0,0,-96,0,11,2,9647698,0,47,0,384,1,"[47,-16,2,0,0,0,0,0,0,0,3,-1,15,-3,15,-4,16,-4,16,-4,15,-4,14,-4,14,-5,14,-5,14,-5,14,-6,14,-6,15,-6,14,-6,13,-6,13,-6,13,-7,13,-8,12,-8,12,-8,12,-8,12,-8,12,-9,12,-9,12,-9,13,-9,13,-10,6,-6,12,-11,13,-11,13,-12,12,-12,12,-12,13,-12,13,-12,12,-12,12,-12,13,-12,14,-12,14,-12,14,-12,14,-12,14,-12,15,-13,15,-12,15,-12,15,-12,15,-11,16,-11,16,-11,16,-10,17,-9,17,-8,17,-8,4,-2,0,0,0,0,0,0,0,0,-1,-1,1,3,8,29,9,29,10,30,10,29,18,10,18,10,18,10,18,10,18,9,17,8,17,8,17,8,17,7,17,7,19,6,19,7,19,7,18,7,18,5,18,5,18,5,17,5,18,4,18,4,17,4,17,3,18,3,19,2,20,2,21,2,23,21,19,1,20,1,21,1,21,0,21,0,21,1,21,1,21,1,21,1,22,0,22,0,23,1,24,2,24,2,23,3,23,3,23,3,23,3,23,4,22,4,22,5,21,5,21,5,22,6,22,7,22,8,5,1,-1,-1,0,0,0,0,0,0,0,0,-1,-1,-1,-1,-1,-1,-1,-1,-5,3,-20,16,-20,15,-21,14,-22,14,-21,13,-21,12,-22,12,-22,11,-21,10,-22,10,-23,11,-24,11,-24,10,-23,9,-22,9,-22,9,-23,8,-22,7,-21,7,-21,7,-20,8,-20,8,-20,8,-20,8,-21,9,-21,9,-30,-4,-19,9,-19,9,-19,9,-18,10,-18,10,-18,10,-18,10,-18,10,-17,11,-17,12,-17,13,-17,13,-17,14,-17,14,-17,13,-17,14,-16,14,-16,15,-16,15,-15,15,-15,16,-15,15,-14,16,-14,17,-15,17,-15,16,-30,7,-32,8,-33,9,-33,9,-5,1]"
CSI_DATA,35372,1a:00:00:00:00:00,-25,11,1,0,1,1,1,0,0,0,0,-96,0,11,2,9698709,0,47,0,384,1,"[47,-16,2,0,0,0,0,0,0,0,0,3,0,14,1,14,1,14,1,14,1,14,1,13,1,13,1,13,2,13,2,13,3,13,3,13,3,13,3,13,3,13,4,13,4,12,4,12,4,12,4,12,4,12,4,12,5,11,6,12,6,12,6,12,3,6,7,12,7,13,7,13,8,12,7,12,7,13,7,13,8,13,8,13,8,13,8,13,8,13,8,14,8,14,8,14,8,15,8,15,7,15,7,15,6,15,6,15,5,16,5,16,5,16,5,16,4,16,1,4,0,0,0,0,0,0,0,0,0,1,0,4,4,27,5,27,6,27,6,26,4,26,4,26,4,26,4,26,5,25,5,24,5,24,6,23,6,23,7,23,8,24,8,24,8,23,9,23,9,23,10,23,10,22,11,21,11,21,10,21,11,21,12,21,12,20,13,21,14,22,15,22,17,21,15,21,16,21,17,21,17,22,18,22,17,22,17,22,17,22,18,22,18,23,18,23,18,23,19,24,18,25,18,26,18,26,17,27,17,27,16,27,15,27,15,28,14,27,13,28,13,28,12,29,11,29,3,8,0,1,-1,-1,-1,-1,-1,-1,0,0,0,0,-1,-1,-1,-1,-1,-1,-8,-2,-29,-6,-29,-7,-29,-9,-29,-10,-28,-10,-27,-11,-27,-11,-26,-11,-26,-12,-26,-13,-27,-13,-28,-13,-28,-13,-26,-13,-25,-14,-26,-14,-26,-14,-24,-13,-23,-13,-24,-14,-24,-13,-23,-13,-23,-12,-23,-13,-24,-13,-24,-12,-26,-8,-23,-11,-23,-10,-24,-10,-25,-9,-25,-9,-25,-9,-24,-9,-24,-8,-25,-7,-26,-6,-26,-5,-26,-5,-26,-5,-27,-5,-27,-4,-27,-4,-28,-4,-27,-3,-27,-2,-27,-2,-27,-1,-27,-1,-27,0,-27,0,-28,0,-28,0,-28,3,-29,4,-31,4,-30,4,-4,0]"
CSI_DATA,35373,1a:00:00:00:00:00,-25,11,1,0,1,1,1,0,0,0,0,-96,0,11,2,9753591,0,47,0,384,1,"[47,-16,2,0,0,0,0,0,0,0,3,-1,14,-1,14,-1,14,-2,14,-2,14,-2,13,-2,13,-2,13,-2,13,-3,13,-3,13,-3,13,-3,13,-4,13,-4,13,-4,13,-5,12,-5,12,-5,12,-5,12,-5,12,-5,12,-6,11,-6,12,-7,12,-7,12,-7,6,-4,13,-8,13,-8,13,-8,12,-9,12,-8,13,-9,13,-9,13,-9,13,-9,13,-9,14,-9,14,-9,14,-9,14,-9,15,-9,15,-9,15,-9,15,-8,15,-8,15,-8,15,-7,15,-7,16,-6,16,-6,16,-6,16,-5,4,-2,0,0,0,0,0,0,0,0,0,0,3,3,21,18,21,18,22,17,22,16,24,7,24,7,24,6,23,6,23,5,22,4,22,4,22,4,22,3,22,3,23,3,24,3,23,2,23,2,23,1,24,0,23,-1,22,-1,22,-1,22,-1,22,-2,22,-2,22,-2,23,-3,24,-4,24,-4,27,5,23,-5,24,-6,25,-6,25,-7,25,-7,25,-6,25,-6,26,-6,26,-7,27,-7,27,-7,27,-7,28,-6,29,-6,29,-5,29,-5,29,-5,29,-4,29,-4,29,-4,29,-3,29,-2,29,-1,29,0,29,1,29,1,8,1,1,0,-1,-1,-1,-1,0,0,-1,-1,-1,-1,0,-1,0,-1,-2,0,-6,6,-19,21,-20,21,-20,20,-21,20,-21,19,-21,18,-21,17,-21,17,-21,16,-22,16,-23,16,-24,16,-24,15,-24,15,-23,15,-23,15,-23,14,-22,13,-21,13,-21,13,-21,13,-21,13,-21,13,-21,13,-21,14,-21,14,-26,8,-19,14,-19,15,-19,15,-18,16,-18,16,-18,16,-18,16,-17,16,-17,17,-17,18,-16,18,-15,19,-15,19,-16,20,-15,20,-15,20,-14,20,-13,20,-13,20,-12,21,-12,21,-12,21,-12,22,-11,22,-12,22,-12,23,-20,20,-20,20,-20,21,-20,22,-4,3]"
CSI_DATA,35374,1a:00:00:00:00:00,-25,11,1,0,1,1,1,0,0,0,0,-96,0,11,2,9800723,0,47,0,384,1,"[47,-16,2,0,0,0,0,0,0,0,-1,-4,-1,-15,-2,-15,-2,-15,-2,-15,-2,-15,-2,-14,-2,-14,-3,-14,-3,-14,-3,-14,-3,-14,-4,-14,-4,-14,-4,-14,-4,-14,-5,-14,-5,-13,-6,-13,-6,-13,-6,-13,-5,-13,-6,-12,-6,-12,-7,-13,-7,-13,-7,-14,-4,-7,-8,-13,-8,-14,-9,-14,-9,-14,-9,-14,-9,-14,-9,-14,-9,-14,-9,-14,-9,-14,-9,-15,-9,-15,-9,-15,-9,-15,-9,-16,-9,-16,-9,-16,-8,-16,-8,-16,-7,-16,-7,-16,-7,-17,-6,-17,-6,-17,-5,-17,-5,-17,-2,-5,0,0,0,0,0,0,0,0,0,-2,2,-5,15,-24,15,-25,14,-25,13,-25,5,-26,4,-26,4,-26,4,-26,3,-25,2,-25,2,-24,2,-24,1,-24,1,-24,1,-25,1,-25,0,-25,0,-25,-1,-25,-2,-26,-3,-25,-3,-24,-3,-23,-3,-24,-4,-24,-4,-24,-4,-24,-5,-24,-6,-25,-6,-26,1,-28,-8,-25,-9,-26,-9,-26,-10,-26,-10,-26,-9,-27,-9,-27,-9,-27,-10,-28,-9,-28,-9,-28,-9,-29,-9,-30,-9,-30,-9,-31,-8,-31,-8,-31,-7,-31,-7,-31,-6,-31,-6,-31,-5,-31,-4,-30,-3,-31,-2,-31,-1,-31,0,-10,0,-2,-1,0,-1,0,-1,-1,0,0,0,0,0,0,-1,-1,-1,-1,5,3,22,16,22,17,21,17,21,18,20,18,19,18,19,18,18,19,18,19,17,20,17,20,17,21,16,21,16,21,16,21,16,21,16,20,15,19,14,19,15,19,15,19,15,19,15,18,14,18,15,19,15,18,10,23,15,17,16,17,17,16,18,16,18,15,18,15,18,15,18,15,18,14,19,14,19,13,19,13,20,13,21,13,21,12,22,12,22,11,22,10,22,10,22,9,23,9,23,9,22,9,23,9,23,9,24,9,21,17,22,17,24,17,24,16,2,2]"
CSI_DATA,35375,1a:00:00:00:00:00,-25,11,1,0,1,1,1,0,0,0,0,-96,0,11,2,9851730,0,47,0,384,1,"[47,-16,2,0,0,0,0,0,0,0,0,3,3,13,3,13,4,13,4,13,3,13,3,13,3,12,4,12,4,12,5,12,5,12,5,12,5,12,5,11,5,11,6,11,7,11,7,11,7,11,7,11,6,11,7,11,8,10,8,11,8,11,8,11,4,5,9,11,9,11,10,11,10,11,10,11,10,11,10,11,10,11,10,11,11,12,11,12,11,11,10,11,10,12,10,13,11,13,11,13,10,13,10,13,9,14,9,14,8,14,8,15,8,15,8,14,7,14,1,3,0,0,0,0,0,0,0,0,-2,0,-5,2,-25,13,-25,13,-25,14,-24,15,-9,19,-9,18,-9,18,-8,18,-7,18,-6,18,-6,17,-6,17,-6,17,-6,18,-5,18,-6,18,-5,18,-5,19,-5,18,-4,19,-3,19,-3,17,-2,17,-2,17,-2,18,-1,18,-1,18,-1,19,0,20,0,19,-15,24,0,19,1,20,2,21,2,21,1,20,1,20,1,20,1,21,1,21,1,22,2,22,1,22,0,23,0,24,0,24,0,24,0,24,-1,23,-1,23,-2,23,-3,23,-4,23,-4,23,-4,23,-5,23,-5,23,-3,6,-2,1,0,-1,0,-1,-1,-1,-1,-1,0,0,0,0,0,0,-1,-1,-5,-5,-18,-17,-17,-18,-16,-18,-16,-18,-16,-18,-15,-17,-14,-18,-13,-18,-13,-19,-13,-20,-13,-20,-13,-20,-12,-21,-12,-21,-11,-20,-12,-20,-12,-20,-10,-19,-10,-18,-10,-18,-10,-19,-11,-18,-11,-18,-11,-18,-11,-18,-11,-18,-1,-27,-11,-16,-12,-17,-13,-17,-13,-16,-12,-16,-12,-16,-12,-16,-12,-16,-13,-15,-15,-15,-15,-14,-16,-14,-16,-14,-16,-14,-16,-14,-16,-14,-17,-13,-17,-12,-16,-12,-17,-12,-18,-12,-18,-13,-18,-12,-18,-11,-19,-11,-19,-12,-13,-25,-14,-26,-14,-27,-15,-26,-2,-4]"
CSI_DATA,35376,1a:00:00:00:00:00,-25,11,1,0,1,1,1,0,0,0,0,-96,0,11,2,9906824,0,47,0,384,1,"[47,-16,2,0,0,0,0,0,0,0,0,3,3,15,4,15,5,15,4,15,4,15,5,14,5,14,5,13,5,13,6,13,6,14,6,14,6,14,6,13,6,13,7,13,8,13,8,12,8,12,8,12,8,12,8,11,8,11,9,12,9,12,9,13,5,6,11,12,11,12,11,13,11,12,11,12,12,12,12,12,12,12,12,12,12,13,12,13,11,13,11,13,11,14,11,14,12,15,12,15,11,15,11,15,11,15,10,15,9,16,9,16,8,17,8,17,8,17,2,4,0,0,0,0,0,0,0,0,0,1,0,5,5,31,5,31,6,31,6,30,7,29,8,29,8,29,8,29,8,28,9,27,9,26,9,25,10,25,10,25,11,26,12,26,12,25,12,25,13,25,14,25,14,24,15,23,14,23,14,23,15,23,15,22,16,22,17,22,18,23,19,23,19,25,19,22,20,22,21,22,22,23,22,23,21,23,21,23,21,23,22,24,22,24,22,25,22,25,23,26,23,27,22,27,22,28,21,29,21,29,20,30,20,30,19,30,18,30,17,30,16,31,16,31,15,32,4,9,0,1,-1,-1,-1,-2,0,0,-1,-1,-1,-1,0,-1,0,0,-2,-1,-10,-1,-34,-2,-34,-3,-34,-4,-34,-5,-34,-6,-33,-7,-32,-7,-32,-8,-31,-8,-32,-9,-33,-10,-33,-10,-32,-11,-32,-11,-31,-12,-31,-12,-30,-11,-29,-11,-28,-11,-29,-11,-29,-11,-28,-11,-28,-10,-28,-11,-29,-10,-29,-10,-29,-9,-28,-9,-28,-8,-29,-7,-29,-7,-29,-6,-29,-6,-28,-6,-28,-5,-29,-5,-30,-4,-30,-3,-29,-2,-30,-1,-31,-1,-31,-1,-31,0,-31,0,-31,1,-31,1,-30,2,-31,2,-30,3,-31,3,-31,3,-31,3,-31,4,-32,3,-33,3,-34,4,-34,4,-7,0]"
CSI_DATA,35377,1a:00:00:00:00:00,-25,11,1,0,1,1,1,0,0,0,0,-96,0,11,2,9953810,0,47,0,384,1,"[47,-16,2,0,0,0,0,0,0,0,-4,-2,-14,-6,-14,-5,-14,-5,-14,-5,-14,-5,-14,-4,-14,-4,-14,-4,-14,-3,-14,-3,-14,-4,-15,-3,-14,-3,-14,-3,-14,-3,-14,-2,-14,-1,-14,-1,-14,0,-14,0,-14,0,-14,0,-14,0,-14,1,-15,0,-15,0,-8,0,-15,2,-16,2,-16,2,-16,2,-16,2,-16,2,-16,3,-16,3,-16,3,-16,3,-17,2,-17,2,-17,2,-17,2,-17,2,-18,2,-18,2,-18,1,-18,1,-17,1,-18,0,-18,0,-18,-1,-18,-1,-18,-2,-17,-2,-5,-1,0,0,0,0,0,0,0,0,-2,-1,-5,-3,-25,-14,-25,-14,-26,-13,-26,-12,-26,-10,-26,-11,-26,-10,-26,-10,-26,-9,-25,-8,-25,-8,-25,-7,-25,-7,-25,-7,-26,-6,-26,-6,-26,-5,-26,-5,-26,-4,-27,-3,-26,-3,-25,-2,-25,-2,-25,-1,-25,-1,-26,-1,-26,0,-27,1,-28,2,-28,2,-28,2,-27,4,-28,4,-28,4,-29,4,-29,4,-29,4,-29,4,-29,4,-30,4,-31,4,-31,5,-31,5,-32,4,-33,4,-33,4,-33,3,-33,3,-33,3,-33,2,-32,1,-33,0,-33,-1,-33,-1,-33,-2,-33,-2,-33,-3,-10,-2,-2,-1,0,-1,0,0,0,0,-1,-1,-1,-1,-1,0,-1,0,1,-2,6,-7,21,-21,22,-21,23,-19,23,-19,23,-18,23,-17,23,-17,24,-16,24,-15,25,-15,25,-16,25,-15,25,-15,25,-14,25,-14,25,-14,24,-13,23,-13,23,-12,23,-13,23,-13,23,-13,22,-13,22,-13,22,-14,22,-14,22,-14,20,-14,20,-15,20,-15,20,-16,20,-16,20,-16,19,-16,19,-16,18,-17,18,-18,17,-19,17,-20,17,-20,17,-21,17,-21,16,-21,16,-22,15,-22,14,-22,14,-22,14,-23,14,-23,13,-23,13,-24,13,-24,13,-24,14,-25,14,-26,15,-26,15,-26,2,-5]"
CSI_DATA,35378,1a:00:00:00:00:00,-25,11,1,0,1,1,1,0,0,0,0,-96,0,11,2,10004699,0,47,0,384,1,"[47,-16,2,0,0,0,0,0,0,0,0,-4,3,-14,2,-14,2,-15,2,-15,2,-14,1,-14,1,-14,1,-14,0,-14,0,-14,1,-15,1,-15,0,-14,0,-14,0,-14,-1,-14,-2,-14,-2,-13,-2,-13,-2,-13,-2,-13,-2,-13,-3,-14,-3,-14,-3,-15,-3,-14,-2,-7,-4,-15,-5,-15,-5,-15,-5,-15,-5,-15,-5,-15,-5,-15,-5,-15,-6,-16,-5,-16,-5,-17,-5,-16,-5,-16,-5,-16,-5,-17,-5,-17,-4,-18,-4,-17,-4,-17,-4,-17,-3,-17,-3,-17,-2,-18,-1,-18,-1,-17,0,-17,0,-4,0,0,0,0,0,0,0,0,1,0,4,0,27,1,28,0,27,-1,27,-1,16,-14,16,-14,16,-13,15,-14,14,-14,13,-13,13,-13,13,-13,13,-13,13,-14,12,-16,13,-17,13,-16,12,-16,11,-17,11,-17,11,-16,11,-15,10,-15,9,-15,9,-15,10,-16,9,-16,8,-18,8,-20,9,-21,24,-16,7,-19,7,-20,7,-20,8,-20,8,-19,8,-19,8,-19,9,-19,9,-20,9,-21,8,-22,8,-22,9,-22,10,-23,11,-22,12,-21,12,-21,11,-20,11,-20,11,-20,13,-19,14,-19,13,-19,13,-20,14,-20,15,-20,5,-6,1,-1,-1,0,-2,0,-1,-1,0,0,0,0,0,0,-1,-1,-1,-1,2,5,8,22,6,23,5,23,5,23,5,22,4,21,3,21,2,22,1,22,1,23,3,24,2,25,1,24,1,23,1,23,0,23,-1,22,-1,20,0,20,0,20,0,20,-1,20,0,20,1,20,2,21,2,21,-10,24,2,19,2,19,3,20,3,20,2,19,2,18,2,18,2,18,2,19,5,19,6,19,6,19,7,20,7,20,7,19,6,19,8,18,8,17,8,17,8,17,8,18,8,18,9,17,11,16,11,17,11,18,-1,27,-1,28,-1,29,-1,29,-1,3]"
CSI_DATA,35379,1a:00:00:00:00:00,-25,11,1,0,1,1,1,0,0,0,0,-96,0,11,2,10055705,0,47,0,384,1,"[47,-16,2,0,0,0,0,0,0,0,-4,1,-14,4,-14,5,-14,5,-14,4,-14,4,-13,5,-13,5,-13,5,-12,5,-12,6,-12,6,-13,7,-12,7,-12,7,-12,7,-12,7,-12,7,-11,8,-11,8,-11,8,-11,8,-11,8,-10,8,-10,9,-11,10,-11,10,-6,5,-11,11,-11,10,-11,11,-11,11,-11,11,-11,11,-11,11,-11,11,-11,11,-11,12,-11,12,-11,12,-11,12,-12,12,-13,12,-13,12,-13,12,-13,12,-13,11,-13,11,-14,10,-14,10,-14,10,-14,10,-14,10,-14,9,-4,2,0,0,0,0,0,0,0,0,-1,-2,-2,-5,-11,-27,-11,-27,-12,-26,-12,-26,-18,-9,-17,-9,-17,-9,-18,-8,-18,-8,-17,-7,-17,-7,-17,-7,-17,-6,-17,-5,-18,-5,-19,-4,-19,-5,-19,-5,-18,-4,-18,-4,-18,-4,-17,-4,-17,-3,-17,-3,-17,-2,-17,-2,-17,-2,-18,-1,-19,0,-20,1,-24,-17,-19,0,-20,1,-20,1,-20,1,-20,0,-20,0,-20,0,-20,0,-20,0,-21,1,-21,1,-22,1,-22,1,-23,0,-23,-1,-23,-1,-22,-1,-22,-1,-22,-2,-22,-2,-22,-3,-22,-4,-21,-3,-22,-3,-22,-4,-23,-4,-7,-3,-2,-2,0,0,0,0,-1,-1,-1,-1,0,0,0,0,0,0,-1,-1,3,-4,15,-15,15,-15,16,-14,16,-13,16,-13,16,-12,16,-11,17,-11,17,-10,17,-11,17,-12,18,-12,18,-12,18,-11,17,-11,17,-10,17,-9,16,-8,16,-8,16,-8,16,-8,16,-8,15,-9,15,-10,15,-11,15,-11,26,0,14,-10,15,-10,14,-11,14,-11,13,-11,14,-10,13,-10,13,-10,13,-11,12,-13,11,-13,12,-14,12,-15,13,-14,12,-14,12,-14,11,-15,11,-15,11,-15,10,-15,10,-15,10,-15,9,-15,8,-16,9,-17,10,-17,25,-10,27,-11,28,-11,27,-11,3,-2]"
CSI_DATA,35380,1a:00:00:00:00:00,-25,11,1,0,1,1,1,0,0,0,0,-96,0,11,2,10106707,0,47,0,384,1,"[47,-16,2,0,0,0,0,0,0,0,3,-2,13,-5,13,-6,13,-6,13,-6,13,-6,12,-6,12,-6,11,-6,11,-7,11,-7,12,-7,12,-7,12,-7,11,-7,11,-8,11,-9,10,-9,9,-9,9,-9,9,-9,9,-9,9,-9,9,-9,9,-10,10,-10,10,-10,5,-6,9,-12,9,-12,9,-12,9,-13,9,-12,9,-12,9,-12,9,-12,9,-13,10,-13,10,-13,10,-13,11,-13,11,-13,11,-13,11,-13,12,-13,11,-13,11,-13,12,-12,12,-12,12,-12,13,-11,13,-11,13,-10,13,-10,3,-3,0,0,0,0,0,0,0,0,0,1,1,4,8,26,9,26,10,26,10,25,16,8,16,7,15,7,16,7,15,6,15,6,15,6,15,5,15,5,15,4,16,4,16,4,16,4,16,4,16,3,16,2,16,2,15,3,15,2,15,2,15,1,15,1,15,1,16,0,17,0,18,0,21,18,16,-1,17,-1,17,-2,17,-2,18,-1,18,-1,17,-1,18,-1,18,-2,18,-2,19,-2,19,-2,19,-1,20,-1,20,0,20,0,20,1,20,1,20,1,19,1,19,2,19,2,19,2,19,3,19,4,19,4,5,2,0,1,-1,-1,-1,-1,-1,-1,0,0,0,0,-1,-1,-1,-1,-1,-1,-5,3,-17,14,-17,13,-18,12,-18,12,-18,11,-18,11,-18,11,-18,10,-18,9,-19,9,-20,10,-20,10,-20,9,-20,9,-19,8,-19,8,-19,8,-18,7,-18,6,-18,7,-17,7,-17,7,-17,7,-17,8,-18,8,-18,8,-27,-3,-16,8,-16,8,-16,9,-16,9,-15,9,-15,9,-15,9,-15,9,-15,10,-14,11,-14,11,-14,12,-14,12,-14,13,-14,12,-14,13,-13,13,-13,13,-12,13,-12,14,-12,14,-12,14,-11,14,-11,14,-12,15,-12,15,-26,7,-28,7,-29,8,-28,9,-4,1]"
CSI_DATA,35381,1a:00:00:00:00:00,-25,11,1,0,1,1,1,0,0,0,0,-96,0,11,2,10157725,0,47,0,384,1,"[47,-16,2,0,0,0,0,0,0,0,2,-3,9,-11,9,-12,9,-12,9,-12,9,-11,8,-11,8,-11,7,-11,7,-11,7,-12,7,-12,7,-13,7,-13,6,-12,6,-12,6,-13,5,-13,5,-12,5,-12,5,-12,5,-12,5,-13,4,-13,4,-14,4,-14,4,-14,2,-8,4,-15,4,-15,4,-16,3,-15,3,-15,4,-15,4,-16,4,-16,4,-16,4,-16,4,-16,4,-16,4,-17,5,-17,5,-17,5,-17,6,-17,6,-17,6,-16,7,-16,7,-16,8,-16,8,-16,8,-16,8,-15,8,-15,2,-4,0,0,0,0,0,0,0,0,1,-1,4,-2,26,-10,26,-11,26,-11,25,-12,21,-17,20,-17,20,-17,20,-17,19,-17,18,-17,18,-17,17,-17,17,-17,17,-18,17,-18,17,-19,16,-19,16,-19,16,-20,15,-20,14,-20,14,-20,13,-20,13,-20,13,-20,13,-21,12,-21,13,-22,13,-23,13,-23,19,-21,12,-24,12,-25,11,-25,11,-26,11,-26,12,-26,12,-26,12,-26,12,-27,13,-27,13,-27,13,-27,14,-28,15,-28,15,-28,16,-28,16,-28,17,-27,18,-26,18,-26,18,-26,19,-25,19,-24,20,-24,21,-23,22,-23,7,-7,1,-1,-1,0,-1,0,-1,-1,0,0,0,0,-1,-1,-1,-1,-1,-1,2,6,9,27,8,27,8,28,7,28,6,27,5,27,4,27,4,27,3,27,2,28,2,28,2,29,1,29,1,28,0,28,0,28,0,27,0,26,0,25,0,25,0,25,0,25,0,24,0,25,0,26,1,25,-4,26,1,24,2,24,3,24,4,24,4,24,4,24,4,23,4,23,5,23,6,23,7,23,7,23,8,24,8,24,8,24,9,24,10,23,10,23,10,23,11,22,11,23,11,22,12,22,12,22,13,22,12,22,8,26,9,27,9,28,9,27,1,3]"
CSI_DATA,35382,1a:00:00:00:00:00,-25,11,1,0,1,1,1,0,0,0,0,-96,0,11,2,10208845,0,47,0,384,1,"[47,-16,2,0,0,0,0,0,0,0,-1,3,-1,14,-1,14,0,14,0,14,0,14,0,13,0,13,0,13,1,13,1,13,1,13,1,14,1,13,1,13,2,13,2,13,3,13,3,12,3,12,3,12,3,12,3,12,4,12,4,12,4,13,4,13,2,6,6,13,5,14,6,14,6,13,6,13,6,14,6,14,6,14,6,14,6,14,6,15,6,15,6,15,6,15,6,16,6,16,6,16,5,16,5,16,4,16,4,16,4,16,3,16,3,17,2,16,2,16,0,4,0,0,0,0,0,0,0,0,-1,1,-2,4,-8,27,-8,27,-7,27,-6,27,-3,27,-3,26,-3,26,-2,26,-2,26,-2,25,-1,25,-1,24,0,24,0,25,1,25,1,25,1,25,2,25,2,25,3,25,4,24,4,24,4,23,4,24,4,24,5,24,6,24,6,24,7,25,7,25,6,27,9,24,9,25,10,25,10,26,10,26,10,26,10,26,10,26,10,27,10,27,10,28,10,28,10,29,10,30,10,30,9,31,9,31,8,31,7,31,6,31,6,31,5,31,4,31,3,31,2,31,1,32,0,9,-1,1,0,-1,0,-2,-1,-1,0,0,0,0,0,0,-1,-1,-1,-1,-8,-3,-28,-12,-28,-13,-28,-14,-28,-15,-26,-15,-26,-16,-25,-16,-25,-16,-24,-17,-24,-18,-24,-19,-25,-19,-24,-19,-24,-19,-23,-19,-23,-19,-23,-19,-21,-18,-21,-18,-21,-18,-21,-18,-21,-17,-21,-17,-21,-17,-21,-18,-21,-17,-21,-17,-21,-15,-21,-15,-22,-15,-23,-14,-23,-14,-23,-14,-22,-14,-23,-13,-23,-12,-24,-12,-24,-11,-24,-11,-25,-11,-26,-10,-26,-10,-26,-10,-26,-10,-26,-9,-26,-9,-26,-8,-27,-8,-27,-7,-27,-7,-27,-6,-27,-7,-27,-7,-27,-8,-29,-9,-30,-9,-29,-9,-4,-2]"
CSI_DATA,35383,1a:00:00:00:00:00,-25,11,1,0,1,1,1,0,0,0,0,-96,0,11,2,10259705,0,47,0,384,1,"[47,-16,2,0,0,0,0,0,0,0,1,3,4,13,4,13,4,14,4,14,4,13,4,12,4,12,4,12,4,12,5,12,5,12,6,12,6,12,6,11,6,11,6,11,7,11,7,10,7,10,7,11,7,11,7,10,8,10,9,10,9,11,8,11,4,5,9,11,10,11,10,11,10,11,10,11,10,11,10,11,10,11,11,11,11,11,11,11,11,11,11,11,11,12,11,12,11,13,11,13,10,13,10,13,10,14,9,14,9,14,9,15,8,15,8,14,7,14,1,3,0,0,0,0,0,0,0,0,-1,1,-2,4,-8,27,-8,27,-7,28,-6,27,1,26,1,26,1,26,1,26,2,25,2,24,3,24,3,23,3,23,4,24,5,24,5,24,5,24,6,24,6,24,7,24,8,23,8,22,8,22,8,22,9,22,9,22,10,21,10,22,11,23,11,23,6,28,12,22,13,23,14,23,14,23,14,23,14,23,14,23,14,23,15,24,15,25,15,25,15,25,14,26,14,27,14,27,13,28,13,28,13,28,12,28,12,28,11,29,10,28,10,28,9,29,8,29,7,30,1,9,-1,1,-1,-1,0,-2,0,0,-1,-1,-1,-1,-1,-1,-1,-1,-1,-1,-7,-3,-28,-9,-29,-10,-29,-12,-28,-12,-27,-13,-26,-13,-26,-13,-26,-14,-25,-15,-25,-15,-26,-16,-26,-16,-25,-16,-24,-17,-24,-16,-24,-16,-24,-16,-22,-15,-22,-15,-22,-16,-22,-16,-22,-15,-22,-15,-22,-15,-23,-15,-23,-15,-20,-19,-22,-13,-22,-13,-23,-12,-23,-11,-23,-11,-23,-11,-23,-11,-23,-10,-24,-10,-24,-9,-25,-8,-25,-7,-26,-8,-26,-8,-26,-7,-26,-7,-26,-7,-26,-5,-26,-5,-26,-4,-27,-4,-27,-4,-26,-3,-27,-3,-28,-3,-27,-3,-26,-9,-28,-10,-29,-10,-29,-9,-4,-2]"
CSI_DATA,35384,1a:00:00:00:00:00,-25,11,1,0,1,1,1,0,0,0,0,-96,0,11,2,10310709,0,47,0,384,1,"[47,-16,2,0,0,0,0,0,0,0,-3,-3,-11,-12,-12,-12,-12,-13,-12,-13,-12,-12,-12,-12,-12,-11,-12,-11,-12,-11,-12,-10,-13,-10,-13,-10,-14,-10,-13,-10,-13,-10,-13,-10,-14,-9,-13,-8,-14,-8,-14,-8,-13,-9,-13,-8,-14,-7,-15,-7,-16,-7,-16,-7,-8,-4,-16,-7,-16,-8,-17,-8,-17,-7,-17,-7,-17,-7,-17,-7,-17,-7,-17,-7,-17,-7,-18,-7,-18,-7,-18,-8,-18,-8,-18,-9,-18,-10,-18,-10,-18,-10,-17,-10,-17,-11,-17,-11,-16,-12,-16,-11,-16,-11,-16,-12,-16,-12,-4,-3,0,0,0,0,0,0,0,0,1,-1,5,-1,31,-5,31,-6,31,-7,30,-8,6,-13,7,-13,7,-12,6,-13,5,-12,4,-12,5,-12,5,-12,5,-12,4,-12,3,-13,4,-13,4,-13,4,-13,3,-13,3,-13,3,-12,4,-12,3,-11,2,-12,2,-12,2,-12,2,-12,1,-12,0,-14,0,-15,25,-22,1,-13,1,-14,0,-14,0,-14,0,-14,1,-14,1,-14,1,-14,1,-14,1,-15,0,-15,1,-15,1,-15,2,-16,3,-16,3,-16,3,-15,2,-15,2,-15,3,-15,4,-15,4,-15,4,-15,4,-15,4,-15,5,-15,3,-5,1,-1,-1,0,-2,0,0,0,0,0,-1,-1,-1,-2,-1,-1,0,1,2,4,11,10,11,11,10,12,9,11,9,11,8,11,8,11,8,11,7,12,7,12,8,12,8,13,8,13,7,13,7,13,7,13,6,13,5,12,5,12,5,11,6,11,6,11,5,11,6,11,7,11,7,11,-8,30,5,11,6,10,7,10,7,10,6,10,6,10,6,10,6,10,7,9,7,9,8,9,9,9,9,10,9,10,9,10,9,9,9,8,9,8,9,7,10,7,10,8,10,8,9,7,10,6,10,6,11,7,4,31,4,32,4,33,4,33,0,6]"
CSI_DATA,35385,1a:00:00:00:00:00,-25,11,1,0,1,1,1,0,0,0,0,-96,0,11,2,10361731,0,47,0,384,1,"[47,-16,2,0,0,0,0,0,0,0,3,-1,13,-4,13,-4,14,-5,14,-4,13,-4,12,-4,12,-4,12,-4,12,-5,13,-5,13,-6,13,-6,13,-6,12,-6,11,-6,12,-7,11,-8,11,-8,11,-8,11,-7,11,-7,11,-8,11,-8,11,-9,11,-9,11,-8,5,-5,11,-9,11,-10,11,-11,11,-11,11,-11,12,-10,12,-10,12,-10,12,-11,12,-12,12,-12,12,-11,12,-11,12,-10,13,-11,13,-11,14,-11,14,-11,14,-10,14,-10,15,-9,15,-9,15,-9,15,-9,15,-8,14,-7,3,-2,0,0,0,0,0,0,0,0,1,0,4,1,26,9,27,8,27,8,27,7,26,-1,26,-1,26,-1,25,-2,24,-3,24,-3,23,-3,23,-3,23,-3,24,-4,25,-4,25,-4,24,-5,24,-5,24,-6,24,-7,23,-8,22,-8,22,-8,22,-8,22,-8,22,-9,22,-9,23,-10,23,-10,24,-11,27,-5,22,-11,23,-13,23,-14,24,-15,24,-14,24,-13,24,-13,25,-14,25,-14,26,-14,26,-14,26,-14,27,-13,28,-13,28,-14,28,-13,29,-13,28,-12,28,-12,29,-11,30,-10,30,-9,29,-8,29,-8,29,-7,30,-7,9,-2,1,0,-1,0,-2,-1,0,0,0,0,-1,-1,-1,-1,-1,-1,-1,-1,-3,6,-10,27,-12,27,-13,27,-13,26,-13,25,-14,24,-14,23,-15,23,-16,23,-17,24,-17,24,-18,24,-18,23,-17,22,-17,22,-17,23,-17,22,-16,21,-16,20,-16,20,-17,20,-16,20,-16,20,-16,20,-16,20,-16,20,-20,18,-14,19,-14,20,-13,22,-12,22,-12,21,-12,21,-12,21,-12,21,-11,22,-11,23,-10,23,-9,23,-9,23,-9,24,-9,25,-9,25,-8,25,-7,24,-6,24,-6,24,-6,25,-6,25,-5,25,-4,25,-4,26,-4,26,-10,26,-11,27,-11,28,-11,28,-2,3]"
CSI_DATA,35386,1a:00:00:00:00:00,-25,11,1,0,1,1,1,0,0,0,0,-96,0,11,2,10414909,0,47,0,384,1,"[47,-16,2,0,0,0,0,0,0,0,3,-2,12,-8,12,-8,12,-9,12,-9,11,-8,11,-8,11,-9,10,-9,10,-9,10,-9,10,-10,10,-10,10,-10,9,-10,9,-10,9,-11,9,-11,8,-11,8,-11,8,-11,8,-11,8,-11,7,-11,7,-12,8,-12,8,-13,3,-7,7,-13,8,-14,8,-14,7,-14,7,-14,7,-14,8,-14,8,-14,8,-15,8,-15,8,-15,8,-15,8,-15,8,-15,9,-15,9,-16,9,-16,9,-15,10,-15,10,-14,10,-14,11,-14,11,-14,11,-13,11,-13,12,-12,3,-3,0,0,0,0,0,0,0,0,-1,-1,3,-1,28,-4,28,-4,28,-5,27,-6,25,-11,24,-11,24,-11,24,-11,23,-11,22,-11,22,-12,22,-12,22,-12,21,-13,21,-14,21,-15,21,-15,21,-15,20,-15,20,-16,20,-16,18,-16,18,-16,18,-16,18,-16,18,-16,18,-17,18,-19,18,-20,18,-20,22,-18,17,-21,17,-21,17,-22,17,-23,17,-22,18,-22,18,-22,18,-22,19,-23,19,-24,19,-24,19,-24,20,-24,21,-24,21,-24,22,-24,22,-24,22,-23,22,-21,23,-21,24,-21,24,-20,24,-20,24,-20,25,-19,25,-18,6,-5,0,0,0,0,-1,-1,-1,-1,0,0,0,0,0,0,-1,-1,-1,-1,0,7,1,30,-1,30,-2,30,-3,30,-3,29,-4,28,-5,28,-6,28,-7,28,-7,28,-7,29,-6,29,-7,29,-7,28,-8,27,-8,28,-8,27,-8,25,-8,24,-8,24,-8,25,-8,25,-8,25,-7,25,-7,26,-6,26,-8,26,-5,24,-5,25,-4,25,-4,25,-4,24,-4,24,-4,24,-3,25,-3,25,-1,25,0,25,1,25,1,26,2,27,2,26,2,26,3,26,3,25,3,25,4,25,4,25,4,26,5,25,6,25,7,26,6,26,3,27,3,28,3,29,3,29,0,3]"
CSI_DATA,35387,1a:00:00:00:00:00,-25,11,1,0,1,1,1,0,0,0,0,-96,0,11,2,10463768,0,47,0,384,1,"[47,-16,2,0,0,0,0,0,0,0,-4,0,-15,0,-15,0,-15,1,-15,0,-15,0,-15,1,-14,1,-14,1,-14,2,-14,2,-14,2,-15,2,-14,3,-14,3,-14,3,-14,3,-14,4,-13,4,-13,5,-13,4,-13,4,-13,5,-13,5,-13,6,-14,6,-14,6,-7,3,-13,7,-14,6,-14,7,-14,7,-14,7,-14,7,-14,8,-14,8,-14,8,-14,8,-15,8,-15,8,-15,8,-16,7,-16,7,-16,7,-17,7,-17,7,-17,7,-17,6,-17,6,-17,5,-17,5,-17,4,-17,4,-17,3,-5,0,0,0,0,0,0,0,0,0,-2,-1,-6,-2,-28,-6,-29,-5,-29,-5,-29,-4,-28,-1,-28,-1,-28,-1,-28,-1,-27,0,-27,1,-26,1,-26,1,-26,2,-26,2,-27,3,-27,4,-26,4,-26,4,-26,5,-26,5,-26,6,-25,6,-25,6,-25,6,-24,7,-24,7,-24,8,-25,9,-25,10,-26,11,-27,10,-25,11,-25,12,-26,12,-26,13,-27,13,-27,12,-27,12,-27,12,-27,12,-28,13,-28,13,-28,13,-29,13,-30,13,-31,13,-31,12,-31,12,-31,11,-31,10,-31,9,-32,8,-31,7,-31,7,-32,7,-32,6,-32,5,-10,1,-2,0,0,-1,1,-1,-1,-1,0,0,0,0,-1,-1,-1,-1,-1,-1,2,-8,9,-30,10,-29,12,-29,13,-29,13,-28,13,-27,14,-26,15,-26,15,-25,16,-25,16,-26,16,-26,16,-26,16,-25,16,-24,17,-24,17,-24,16,-23,16,-22,16,-22,16,-21,15,-21,15,-22,15,-22,15,-23,14,-23,15,-23,13,-22,13,-23,12,-23,12,-23,12,-23,12,-23,11,-23,11,-23,10,-23,9,-24,8,-25,8,-25,7,-26,7,-26,7,-27,7,-27,7,-27,6,-27,6,-27,5,-27,4,-27,4,-27,4,-27,3,-28,3,-28,3,-28,5,-28,5,-30,5,-31,5,-30,0,-4]"
CSI_DATA,35388,1a:00:00:00:00:00,-25,11,1,0,1,1,1,0,0,0,0,-96,0,11,2,10514717,0,47,0,384,1,"[47,-16,2,0,0,0,0,0,0,0,-4,1,-14,5,-14,5,-14,6,-14,5,-13,5,-13,6,-13,6,-12,6,-12,6,-12,6,-12,7,-13,7,-12,7,-12,7,-12,7,-12,8,-11,8,-10,8,-10,9,-11,9,-10,9,-10,9,-10,9,-10,10,-11,10,-11,10,-5,5,-10,11,-10,11,-10,12,-10,12,-10,12,-10,12,-10,12,-10,12,-10,12,-10,12,-11,12,-11,12,-11,13,-11,13,-12,13,-12,13,-12,13,-12,13,-12,12,-12,12,-13,12,-13,11,-13,11,-14,11,-14,10,-14,10,-4,2,0,0,0,0,0,0,0,0,-2,-1,-6,-2,-28,-6,-28,-6,-28,-5,-28,-5,-26,3,-26,3,-26,4,-26,4,-25,4,-25,5,-24,5,-24,6,-23,6,-24,6,-24,7,-24,7,-24,7,-24,7,-23,8,-23,9,-23,9,-22,9,-22,10,-22,10,-21,10,-21,11,-21,11,-21,12,-22,13,-22,13,-28,7,-21,14,-21,15,-22,15,-22,16,-22,16,-22,16,-22,16,-22,16,-22,17,-23,17,-23,17,-23,17,-24,17,-25,17,-26,17,-26,16,-27,16,-27,16,-27,15,-26,14,-27,14,-27,13,-27,12,-27,11,-28,11,-28,10,-9,2,-2,-1,0,-1,1,-1,0,0,-1,-1,-1,-1,-1,-1,-1,-1,-1,-1,1,-8,6,-29,7,-29,8,-29,9,-29,9,-28,10,-27,10,-27,10,-26,11,-26,12,-26,12,-27,13,-27,13,-26,13,-25,13,-25,13,-25,13,-25,12,-23,13,-23,13,-23,12,-23,11,-23,11,-22,12,-22,12,-24,11,-24,16,-21,10,-22,10,-23,9,-24,8,-24,8,-24,8,-24,7,-24,6,-24,5,-24,5,-25,5,-25,4,-25,3,-25,4,-26,4,-26,3,-27,2,-27,2,-27,1,-26,0,-26,0,-26,0,-26,0,-26,-1,-26,-1,-27,-1,-27,6,-27,7,-29,7,-30,7,-30,0,-4]"
CSI_DATA,35389,1a:00:00:00:00:00,-25,11,1,0,1,1,1,0,0,0,0,-96,0,11,2,10565779,0,47,0,384,1,"[47,-16,2,0,0,0,0,0,0,0,2,-3,11,-9,11,-9,11,-9,11,-9,11,-9,10,-9,10,-9,10,-9,10,-9,9,-10,9,-11,9,-11,9,-11,9,-11,9,-10,9,-11,8,-11,7,-11,7,-11,8,-11,8,-11,8,-11,6,-11,6,-12,7,-13,7,-13,3,-7,7,-14,8,-14,8,-14,7,-14,7,-13,8,-14,8,-14,7,-14,7,-14,7,-15,7,-15,7,-15,7,-15,8,-15,9,-15,9,-15,9,-15,10,-14,10,-14,10,-14,11,-13,11,-13,11,-13,11,-13,11,-13,11,-13,3,-4,0,0,0,0,0,0,0,0,1,1,7,6,42,38,42,37,43,36,43,34,39,0,39,0,38,0,39,0,38,-2,37,-2,36,-2,35,-3,35,-4,34,-5,35,-5,35,-5,35,-5,36,-6,36,-7,36,-8,35,-9,34,-8,33,-8,33,-9,33,-11,33,-12,32,-12,32,-13,34,-14,34,-14,55,13,34,-15,36,-18,37,-19,37,-19,37,-18,38,-18,38,-17,38,-18,38,-19,38,-19,38,-19,38,-19,39,-19,42,-18,43,-17,45,-16,45,-16,45,-15,45,-13,44,-14,45,-13,44,-11,43,-10,43,-8,44,-8,45,-7,14,-1,2,1,-2,-1,-3,-2,-1,-1,-1,-1,-1,-1,1,-2,0,-1,-3,1,-7,11,-15,39,-17,39,-18,39,-19,38,-20,37,-21,37,-21,35,-21,34,-22,34,-23,34,-24,34,-25,33,-26,32,-27,33,-26,33,-26,33,-26,32,-26,30,-26,29,-25,30,-24,30,-23,30,-23,29,-22,28,-22,29,-22,29,-53,17,-21,28,-21,30,-20,32,-20,32,-20,31,-20,31,-19,31,-18,31,-17,32,-16,32,-14,32,-13,33,-13,34,-14,36,-14,36,-14,37,-13,37,-12,36,-11,36,-9,36,-9,38,-9,37,-8,36,-8,36,-8,37,-7,38,-40,40,-41,41,-41,43,-40,43,-8,8]"
CSI_DATA,35390,1a:00:00:00:00:00,-30,11,1,0,1,1,1,0,0,0,0,-96,0,11,2,10619174,0,47,0,384,1,"[47,-16,2,0,0,0,0,0,0,0,2,-4,11,-14,11,-14,11,-15,11,-15,10,-14,10,-14,9,-14,9,-14,8,-15,8,-15,8,-15,8,-16,8,-16,8,-16,7,-16,7,-17,6,-17,5,-16,5,-16,5,-16,5,-16,5,-16,4,-16,4,-17,4,-18,5,-18,2,-10,3,-19,3,-20,3,-20,2,-20,2,-20,3,-20,2,-20,2,-20,2,-20,3,-21,3,-21,3,-21,3,-22,3,-22,4,-22,4,-23,4,-23,5,-22,5,-22,5,-22,6,-22,7,-21,7,-21,8,-21,8,-21,8,-20,2,-5,0,0,0,0,0,0,0,0,1,-1,4,-4,27,-21,27,-21,26,-22,26,-23,23,-25,23,-25,22,-25,22,-25,21,-25,20,-25,19,-25,18,-25,18,-26,17,-26,17,-27,17,-28,16,-28,16,-28,16,-29,15,-29,14,-30,13,-29,12,-29,12,-29,11,-29,11,-30,10,-30,10,-31,10,-33,10,-33,13,-34,8,-33,7,-35,7,-36,7,-37,7,-37,7,-37,7,-36,7,-37,7,-37,8,-38,8,-39,8,-39,9,-40,10,-40,10,-41,11,-41,11,-41,12,-41,13,-40,13,-39,14,-39,14,-38,15,-37,16,-38,18,-37,18,-37,6,-12,1,-2,-1,0,-1,1,0,0,-1,-1,-1,-1,-1,-2,-1,-1,0,1,3,9,11,33,10,34,9,34,8,35,7,34,6,34,6,34,5,33,4,33,3,34,3,35,3,35,2,35,2,35,2,35,2,34,1,33,1,32,1,32,1,32,2,31,3,31,2,31,2,31,2,32,3,31,2,32,4,29,5,29,6,30,7,30,7,30,8,29,7,29,8,28,9,28,10,28,11,28,12,28,12,29,13,29,14,29,15,29,15,28,16,28,16,27,17,26,17,26,18,26,18,26,19,26,19,26,20,26,19,29,19,29,20,30,20,29,3,5]"
CSI_DATA,35391,1a:00:00:00:00:00,-30,11,1,0,1,1,1,0,0,0,0,-96,0,11,2,10667733,0,47,0,384,1,"[47,-16,2,0,0,0,0,0,0,0,3,-1,15,-3,15,-4,16,-4,16,-4,15,-4,14,-4,14,-4,14,-4,14,-5,14,-5,14,-5,15,-6,14,-6,14,-6,14,-6,14,-7,13,-8,12,-8,12,-8,13,-8,13,-8,13,-8,12,-9,12,-9,13,-9,13,-9,6,-5,13,-11,13,-11,13,-11,13,-12,13,-11,13,-12,14,-12,13,-12,14,-12,14,-12,14,-12,15,-12,15,-12,15,-12,16,-12,16,-12,16,-12,16,-12,16,-11,16,-11,17,-10,17,-10,17,-9,17,-9,18,-9,18,-8,4,-2,0,0,0,0,0,0,0,0,-1,-1,3,1,27,12,28,12,29,11,29,10,29,2,28,2,28,1,28,1,27,0,27,0,26,-1,27,-1,27,-1,27,-2,27,-3,28,-3,28,-4,27,-4,27,-5,27,-6,27,-7,25,-7,25,-7,25,-7,25,-7,25,-8,25,-9,26,-10,27,-10,27,-11,31,-5,26,-12,27,-13,27,-14,27,-15,27,-14,28,-14,28,-14,28,-14,29,-15,30,-15,30,-15,30,-15,32,-15,32,-14,32,-14,33,-14,33,-13,33,-13,33,-12,34,-11,34,-11,34,-10,34,-9,34,-8,35,-7,35,-6,8,-2,-1,-1,0,0,0,0,0,0,0,0,-1,-1,-1,-1,-1,-1,-1,-1,-4,6,-16,27,-17,27,-18,27,-19,26,-19,25,-19,23,-19,23,-20,23,-21,22,-22,22,-22,23,-22,23,-22,22,-22,22,-22,21,-22,22,-22,21,-21,20,-20,19,-21,18,-21,19,-20,19,-20,19,-20,19,-20,20,-20,20,-24,17,-18,20,-18,20,-17,21,-16,21,-16,21,-16,21,-16,21,-15,22,-15,22,-14,23,-13,24,-13,24,-13,25,-13,26,-12,25,-12,26,-11,26,-10,26,-10,26,-9,26,-9,27,-9,27,-8,27,-7,27,-8,28,-8,28,-14,26,-15,28,-15,29,-15,29,-2,3]"
CSI_DATA,35392,1a:00:00:00:00:00,-25,11,1,0,1,1,1,0,0,0,0,-96,0,11,2,10718827,0,47,0,384,1,"[47,-16,2,0,0,0,0,0,0,0,3,0,14,0,14,0,14,0,14,0,13,-1,13,-1,13,-1,13,-1,13,-2,13,-2,13,-2,13,-2,13,-2,13,-2,13,-3,13,-3,13,-4,12,-4,12,-5,12,-4,12,-4,12,-5,12,-5,12,-5,13,-5,13,-5,6,-3,13,-7,13,-7,13,-7,13,-7,13,-7,13,-7,14,-8,13,-8,13,-8,14,-7,14,-7,14,-7,15,-7,15,-7,15,-7,15,-7,16,-7,15,-7,15,-7,16,-6,16,-6,16,-5,16,-4,16,-4,16,-4,16,-3,4,-1,0,0,0,0,0,0,0,0,1,0,4,2,23,14,24,14,24,13,25,12,25,6,25,5,25,5,25,5,24,4,24,3,23,3,23,2,23,2,23,2,24,2,24,1,24,1,24,1,24,0,25,-1,24,-2,23,-2,22,-3,22,-3,23,-3,23,-3,23,-4,24,-4,25,-5,25,-5,28,0,24,-7,25,-7,25,-8,26,-8,26,-8,26,-8,26,-8,26,-8,27,-8,27,-8,28,-8,28,-8,29,-7,30,-7,30,-7,30,-6,30,-6,30,-6,29,-5,30,-4,30,-4,30,-3,29,-2,30,-1,30,-1,30,0,9,0,1,0,-1,-1,-2,-1,0,0,-1,-1,-1,-1,-1,-1,-1,-1,-1,-1,-5,5,-17,23,-18,23,-19,23,-20,22,-20,21,-20,20,-20,19,-20,19,-21,19,-21,18,-22,19,-23,19,-23,18,-23,17,-23,17,-23,17,-23,17,-21,16,-21,15,-21,15,-21,15,-21,15,-20,15,-20,15,-21,16,-21,16,-23,14,-19,16,-18,17,-18,17,-18,18,-17,18,-17,18,-17,18,-17,18,-16,18,-16,19,-15,20,-15,20,-15,21,-15,21,-15,22,-14,22,-13,22,-12,22,-12,22,-11,22,-11,23,-11,23,-11,23,-11,23,-11,24,-11,24,-15,22,-16,23,-16,24,-15,24,-2,3]"
CSI_DATA,35393,1a:00:00:00:00:00,-25,11,1,0,1,1,1,0,0,0,0,-96,0,11,2,10774505,0,47,0,384,1,"[47,-16,2,0,0,0,0,0,0,0,3,1,13,4,13,4,14,3,13,4,13,3,13,3,12,3,12,3,12,2,13,2,13,2,13,2,13,1,13,1,13,1,13,0,13,-1,12,-1,12,-1,13,-1,13,-1,13,-1,12,-2,13,-2,14,-2,14,-2,7,-1,14,-3,14,-3,15,-3,14,-4,14,-3,15,-3,15,-3,15,-3,15,-4,15,-4,15,-4,16,-3,16,-3,16,-3,16,-3,17,-3,17,-3,17,-2,16,-2,16,-1,16,-1,16,-1,16,0,16,0,16,0,16,1,4,0,0,0,0,0,0,0,0,0,0,0,3,3,18,20,18,20,19,20,19,19,22,13,22,12,22,12,22,12,22,11,21,10,21,10,21,9,21,9,21,9,22,8,22,8,22,8,23,7,23,7,23,6,23,5,22,4,22,4,22,4,22,3,23,3,23,3,23,3,25,2,25,2,26,9,25,1,25,0,26,0,27,-1,27,-1,27,0,27,0,27,0,28,-1,28,0,28,0,28,0,29,1,30,1,30,1,30,2,30,2,30,2,30,3,29,4,29,4,29,5,28,6,28,7,28,8,29,8,8,3,1,0,-1,-1,-1,-1,0,0,-1,-1,-1,-1,0,-1,0,-1,-2,0,-8,4,-24,16,-25,16,-26,15,-26,14,-26,14,-26,13,-26,12,-26,11,-26,11,-26,10,-27,10,-28,10,-27,9,-27,9,-27,9,-27,9,-26,9,-25,8,-25,8,-25,8,-24,8,-24,8,-24,8,-24,8,-25,8,-25,9,-27,4,-23,9,-22,10,-22,11,-22,11,-22,12,-22,12,-22,11,-21,12,-21,13,-21,14,-21,14,-20,15,-20,15,-21,16,-20,16,-20,17,-20,17,-19,17,-18,18,-18,18,-18,19,-17,19,-17,19,-17,19,-17,20,-18,20,-23,17,-23,17,-23,18,-23,18,-5,3]"
CSI_DATA,35394,1a:00:00:00:00:00,-25,11,1,0,1,1,1,0,0,0,0,-96,0,11,2,10820722,0,47,0,384,1,"[47,-16,2,0,0,0,0,0,0,0,-3,3,-11,12,-11,12,-10,12,-10,12,-10,12,-10,12,-9,12,-9,12,-9,12,-8,12,-9,13,-9,13,-8,13,-8,13,-8,13,-7,13,-6,13,-5,13,-6,14,-6,14,-6,13,-5,13,-5,14,-5,14,-5,15,-5,15,-2,7,-4,16,-4,16,-4,16,-3,16,-3,16,-4,17,-4,17,-4,17,-3,17,-4,17,-4,17,-4,17,-4,17,-4,18,-5,18,-5,19,-5,19,-6,19,-6,18,-6,18,-7,17,-7,17,-7,17,-8,17,-8,17,-9,16,-3,4,0,0,0,0,0,0,0,0,-2,-1,-6,-2,-31,-7,-32,-6,-32,-5,-32,-4,-25,9,-25,9,-24,9,-24,9,-23,10,-22,10,-22,10,-22,10,-21,10,-21,11,-21,12,-21,13,-21,12,-21,13,-20,13,-20,14,-19,14,-19,13,-18,13,-18,14,-18,14,-18,14,-18,15,-18,16,-18,18,-18,18,-31,10,-17,18,-17,19,-17,19,-17,20,-17,20,-17,20,-18,19,-18,19,-18,19,-18,20,-18,21,-18,21,-19,21,-21,21,-21,21,-21,20,-21,20,-21,20,-21,19,-22,18,-22,18,-23,17,-23,17,-23,17,-24,17,-24,16,-8,4,-2,0,0,-1,1,-1,-1,-1,0,0,0,0,-1,-1,-1,-1,-1,-1,-1,-8,-1,-30,0,-30,1,-30,2,-30,2,-29,3,-28,4,-28,5,-28,6,-28,6,-28,5,-29,6,-29,7,-29,6,-28,6,-28,7,-28,7,-27,7,-25,7,-25,7,-25,7,-25,7,-25,6,-25,6,-25,5,-26,5,-26,16,-25,4,-24,4,-25,3,-25,2,-25,2,-25,3,-25,3,-25,2,-24,2,-25,0,-25,-1,-25,-2,-25,-2,-26,-2,-27,-2,-26,-2,-27,-4,-26,-4,-26,-4,-26,-5,-25,-5,-25,-5,-26,-6,-25,-7,-25,-7,-26,-7,-26,6,-31,6,-32,6,-34,5,-33,0,-5]"
CSI_DATA,35395,1a:00:00:00:00:00,-25,11,1,0,1,1,1,0,0,0,0,-96,0,11,2,10871752,0,47,0,384,1,"[47,-16,2,0,0,0,0,0,0,0,0,3,2,13,2,14,3,14,2,14,2,13,2,13,3,13,3,12,3,12,4,12,4,12,4,13,5,13,4,12,4,12,5,12,5,12,5,11,5,11,5,11,5,11,6,11,6,11,7,11,7,12,7,12,4,6,8,12,8,12,8,12,8,12,8,12,8,12,8,12,8,12,8,13,8,13,8,13,9,13,9,13,8,14,8,14,8,15,8,15,7,15,7,15,6,15,6,15,5,15,5,15,5,15,5,15,4,16,1,4,0,0,0,0,0,0,0,0,0,1,1,4,9,26,9,26,10,26,10,25,7,25,8,25,7,25,7,25,8,24,8,23,8,22,9,22,9,22,9,22,10,23,11,22,11,22,11,22,12,22,12,21,13,21,13,20,13,20,12,20,13,20,14,20,14,20,15,20,16,20,16,20,19,19,17,19,17,20,18,20,18,20,19,21,18,21,18,21,18,21,18,22,19,22,19,22,19,23,19,24,19,24,18,25,18,26,18,26,17,27,16,27,16,27,15,27,14,27,13,27,13,28,12,28,11,28,3,8,0,1,-1,-1,-1,-1,-1,-1,0,0,0,0,-1,-1,-1,-1,-1,-1,-8,0,-30,3,-30,2,-30,1,-31,0,-30,-1,-29,-2,-29,-3,-29,-3,-29,-4,-29,-5,-30,-5,-30,-5,-30,-5,-29,-6,-28,-7,-29,-7,-28,-6,-27,-6,-25,-7,-26,-7,-26,-7,-26,-7,-25,-6,-26,-6,-27,-7,-27,-6,-26,-2,-25,-5,-26,-4,-26,-4,-26,-3,-26,-4,-26,-3,-25,-3,-25,-3,-26,-2,-26,-1,-26,0,-26,0,-27,1,-27,1,-27,1,-28,1,-27,2,-27,2,-26,3,-26,3,-27,4,-26,4,-27,4,-27,5,-27,5,-27,5,-27,8,-28,9,-29,9,-28,10,-4,1]"
CSI_DATA,35396,1a:00:00:00:00:00,-25,11,1,0,1,1,1,0,0,0,0,-96,0,11,2,10922728,0,47,0,384,1,"[47,-16,2,0,0,0,0,0,0,0,1,3,5,12,6,12,6,13,6,13,6,12,6,12,6,12,6,11,6,11,6,11,7,11,7,11,7,11,7,11,7,11,8,10,8,10,8,9,8,10,8,10,8,10,8,9,8,9,9,9,10,9,10,10,5,5,10,10,10,10,11,10,11,9,11,10,11,10,11,10,11,10,11,10,11,10,12,10,12,10,12,11,12,11,11,11,12,12,12,12,11,12,11,13,10,13,10,13,9,13,9,13,9,13,9,13,9,14,2,3,0,0,0,0,0,0,0,0,0,1,2,4,13,24,13,24,14,23,15,23,12,23,12,23,12,23,12,22,13,22,13,21,13,20,13,20,13,19,14,20,15,20,15,20,15,19,15,19,16,19,16,18,17,17,17,17,17,17,16,17,17,16,17,16,18,15,19,16,20,16,20,16,22,15,21,15,21,15,22,15,23,15,23,16,23,16,23,16,23,16,23,16,24,17,24,17,24,17,24,18,24,19,24,19,24,20,24,21,24,21,23,22,22,22,22,22,21,22,20,23,19,24,19,24,19,25,5,7,1,1,-1,-1,-1,-1,-1,-1,0,0,0,0,-1,-1,-1,-1,-1,-1,-8,1,-29,6,-30,5,-30,3,-30,2,-30,1,-29,1,-29,0,-29,0,-29,-1,-29,-2,-30,-2,-31,-2,-30,-2,-29,-3,-29,-4,-29,-3,-29,-3,-27,-3,-27,-4,-26,-4,-26,-4,-26,-3,-25,-3,-26,-3,-27,-3,-27,-3,-27,1,-25,-2,-26,-1,-26,-1,-26,0,-27,0,-26,0,-25,0,-25,1,-25,2,-26,3,-26,4,-26,5,-26,5,-26,5,-27,5,-27,6,-27,6,-27,7,-26,7,-26,7,-26,8,-25,8,-25,8,-26,9,-26,9,-26,9,-25,12,-26,13,-27,13,-26,14,-4,1]"
CSI_DATA,35397,1a:00:00:00:00:00,-25,11,1,0,1,1,1,0,0,0,0,-96,0,11,2,10973815,0,47,0,384,1,"[47,-16,2,0,0,0,0,0,0,0,0,3,3,13,4,13,4,13,4,13,4,13,4,13,4,12,4,12,4,12,5,12,5,12,5,12,5,12,5,12,5,12,6,12,7,11,7,10,7,10,7,10,7,10,7,10,7,10,8,10,8,11,8,11,4,5,9,11,9,11,10,11,10,11,10,11,10,11,10,11,10,11,10,11,10,11,10,12,10,12,10,12,10,12,10,13,10,13,10,13,10,13,9,13,9,13,9,14,8,14,8,14,7,15,7,14,6,14,1,3,0,0,0,0,0,0,0,0,-1,1,-1,4,-3,28,-2,28,-2,27,-1,27,3,26,3,26,4,25,4,25,4,25,4,24,5,24,5,23,5,23,6,23,6,24,7,24,7,23,8,23,8,23,9,23,9,22,9,22,9,21,9,21,10,21,11,21,11,21,12,21,13,22,13,22,10,25,14,21,15,21,15,22,16,22,16,22,16,23,15,23,16,23,16,23,16,23,16,24,16,24,16,25,16,26,16,26,15,27,15,27,15,28,14,28,13,27,13,28,12,27,11,28,10,28,10,29,9,29,2,9,0,1,-1,-1,-1,-2,-1,-1,0,0,0,0,0,0,-1,-1,-1,-1,-8,-2,-30,-6,-30,-7,-30,-8,-30,-9,-29,-10,-28,-10,-28,-10,-27,-11,-27,-11,-27,-12,-27,-13,-28,-13,-27,-13,-26,-14,-26,-14,-26,-14,-26,-14,-25,-13,-24,-13,-23,-13,-23,-13,-23,-12,-23,-12,-23,-13,-24,-13,-24,-12,-23,-15,-23,-11,-24,-11,-24,-10,-25,-9,-25,-9,-25,-9,-24,-9,-24,-8,-25,-7,-25,-6,-26,-6,-25,-5,-26,-5,-27,-5,-27,-5,-27,-5,-27,-4,-27,-3,-26,-3,-26,-2,-27,-2,-27,-1,-27,-1,-27,0,-28,0,-28,0,-27,-4,-29,-4,-30,-4,-30,-4,-4,-1]"
CSI_DATA,35398,1a:00:00:00:00:00,-25,11,1,0,1,1,1,0,0,0,0,-96,0,11,2,11024728,0,47,0,384,1,"[47,-16,2,0,0,0,0,0,0,0,-4,-2,-13,-7,-13,-7,-14,-7,-14,-7,-13,-7,-13,-6,-13,-6,-13,-6,-13,-6,-13,-5,-14,-5,-14,-5,-14,-5,-13,-4,-13,-4,-14,-4,-14,-4,-13,-3,-13,-3,-14,-3,-13,-4,-13,-3,-13,-2,-14,-2,-15,-2,-15,-2,-8,-1,-16,-2,-16,-2,-16,-2,-16,-1,-16,-1,-16,-2,-16,-2,-16,-2,-16,-2,-16,-2,-17,-2,-17,-2,-17,-2,-17,-2,-17,-3,-18,-3,-18,-3,-18,-3,-17,-4,-17,-5,-17,-5,-17,-6,-17,-6,-17,-6,-16,-6,-16,-7,-4,-2,0,0,0,0,0,0,0,0,-1,-2,-3,-5,-12,-27,-12,-26,-12,-26,-13,-25,-19,-18,-19,-18,-19,-18,-19,-18,-19,-17,-19,-16,-19,-16,-19,-15,-19,-15,-19,-15,-20,-15,-20,-15,-20,-14,-20,-14,-21,-13,-21,-13,-21,-12,-21,-12,-21,-11,-21,-11,-21,-11,-22,-11,-21,-10,-22,-10,-23,-10,-23,-10,-22,-19,-24,-9,-25,-9,-26,-8,-26,-9,-26,-9,-26,-9,-26,-9,-26,-10,-27,-9,-27,-10,-27,-10,-27,-10,-28,-11,-28,-11,-29,-12,-29,-13,-28,-13,-28,-13,-27,-14,-27,-15,-27,-15,-26,-16,-25,-16,-25,-17,-24,-18,-24,-18,-8,-7,-2,-2,0,0,0,0,-1,-1,0,0,0,0,0,0,-1,-1,-1,-1,5,-4,22,-15,23,-15,24,-14,24,-13,24,-12,24,-11,24,-11,24,-10,24,-9,25,-9,25,-9,26,-8,26,-8,26,-7,25,-7,25,-7,25,-7,24,-6,23,-5,24,-5,24,-6,23,-6,22,-6,22,-6,23,-6,23,-7,26,1,22,-7,22,-7,22,-8,22,-9,22,-9,22,-9,21,-9,21,-9,21,-10,20,-11,20,-12,20,-12,20,-13,21,-13,20,-13,21,-14,21,-14,20,-15,19,-15,19,-15,19,-16,19,-15,18,-16,18,-16,19,-17,19,-17,25,-10,27,-11,28,-11,27,-12,3,-2]"
CSI_DATA,35399,1a:00:00:00:00:00,-25,11,1,0,1,1,1,0,0,0,0,-96,0,11,2,11075742,0,47,0,384,1,"[47,-16,2,0,0,0,0,0,0,0,-4,-1,-15,-3,-15,-2,-15,-2,-15,-2,-15,-2,-14,-1,-14,-1,-14,-1,-14,-1,-14,-1,-14,-1,-15,-1,-15,0,-14,0,-14,0,-14,1,-14,1,-13,2,-14,2,-14,2,-13,1,-14,2,-13,2,-14,3,-14,3,-14,3,-7,1,-15,4,-15,4,-15,4,-15,4,-15,4,-15,4,-16,4,-15,4,-16,4,-16,4,-16,4,-16,4,-16,4,-17,4,-17,4,-18,3,-18,3,-17,3,-17,3,-17,2,-17,2,-17,1,-18,0,-18,0,-17,0,-17,-1,-5,-1,0,0,0,0,0,0,0,0,-2,-1,-5,-3,-24,-15,-25,-15,-25,-14,-25,-14,-26,-8,-26,-8,-26,-8,-26,-8,-25,-7,-25,-6,-25,-6,-25,-5,-25,-5,-25,-5,-26,-5,-26,-4,-26,-4,-26,-4,-26,-3,-26,-2,-26,-1,-25,-1,-24,0,-24,0,-25,0,-25,1,-25,1,-26,1,-27,2,-27,2,-29,-2,-26,3,-27,4,-28,5,-28,5,-28,5,-28,5,-28,5,-29,5,-29,5,-30,4,-30,4,-30,4,-31,3,-32,3,-32,3,-32,2,-33,2,-32,2,-32,1,-32,1,-32,0,-32,-1,-32,-2,-32,-3,-32,-4,-32,-5,-10,-3,-2,-1,0,0,0,0,-1,-1,0,0,0,0,0,0,-1,-1,-1,-1,3,-7,15,-25,16,-25,17,-24,18,-24,19,-23,18,-21,19,-21,19,-21,20,-20,20,-20,21,-20,22,-20,22,-19,22,-19,21,-18,21,-19,21,-18,20,-17,19,-16,20,-17,20,-17,19,-17,19,-16,19,-16,20,-17,19,-17,23,-14,17,-17,17,-18,17,-18,17,-19,16,-19,16,-19,16,-19,16,-19,15,-20,14,-21,14,-21,14,-21,14,-22,14,-22,13,-23,13,-23,13,-24,12,-24,11,-23,10,-24,10,-25,10,-24,10,-24,10,-25,10,-25,10,-25,15,-23,16,-24,16,-26,15,-25,1,-4]"
CSI_DATA,35400,1a:00:00:00:00:00,-25,11,1,0,1,1,1,0,0,0,0,-96,0,11,2,11126728,0,47,0,384,1,"[47,-16,2,0,0,0,0,0,0,0,3,-2,13,-6,13,-7,13,-7,13,-7,12,-7,12,-7,11,-7,11,-7,11,-7,11,-7,11,-8,11,-8,11,-8,11,-8,11,-8,11,-9,10,-9,9,-10,9,-10,9,-9,9,-9,9,-9,9,-10,9,-11,10,-11,10,-11,4,-6,9,-12,9,-12,9,-12,9,-13,9,-12,9,-12,9,-13,9,-13,9,-13,10,-13,10,-13,10,-13,10,-13,10,-13,11,-13,11,-14,11,-13,11,-13,11,-13,12,-12,12,-12,12,-12,13,-11,13,-11,13,-11,13,-10,3,-3,0,0,0,0,0,0,0,0,1,0,4,2,23,14,24,14,24,13,24,12,23,0,23,0,23,0,23,-1,22,-1,21,-2,21,-2,21,-2,21,-2,21,-3,22,-3,22,-3,21,-4,21,-4,21,-5,21,-6,21,-6,20,-6,19,-6,19,-6,19,-7,20,-7,20,-7,20,-8,21,-9,21,-9,27,0,20,-11,21,-11,21,-12,21,-12,21,-12,21,-12,21,-12,22,-12,22,-12,22,-12,23,-12,23,-12,24,-12,24,-12,25,-12,25,-12,25,-11,25,-11,25,-10,25,-10,26,-9,25,-8,25,-7,25,-7,26,-6,26,-6,8,-1,1,0,-1,-1,-2,-1,-1,-1,0,0,0,0,0,0,-1,-1,-1,-1,-3,6,-11,24,-12,24,-13,23,-13,23,-14,22,-14,21,-14,21,-15,21,-16,20,-16,20,-17,20,-17,20,-17,19,-17,19,-17,19,-17,20,-17,19,-16,18,-15,17,-15,17,-15,17,-15,17,-15,17,-16,17,-16,17,-15,18,-23,13,-13,17,-13,18,-13,19,-12,19,-12,19,-12,19,-12,18,-11,18,-11,19,-10,20,-10,20,-9,20,-9,21,-9,22,-9,22,-8,22,-7,22,-7,22,-6,21,-6,21,-6,22,-6,22,-5,22,-5,22,-5,23,-5,23,-16,22,-16,23,-17,24,-15,24,-2,3]"
CSI_DATA,35401,1a:00:00:00:00:00,-25,11,1,0,1,1,1,0,0,0,0,-96,0,11,2,11183323,0,47,0,384,1,"[47,-16,2,0,0,0,0,0,0,0,3,2,13,9,13,9,14,8,14,8,13,8,13,7,13,7,13,7,13,7,13,6,13,6,14,6,14,6,14,6,14,5,14,5,14,4,14,3,14,3,14,4,14,4,14,3,14,2,15,2,15,2,15,3,8,1,16,1,17,2,17,1,17,1,16,1,17,1,17,1,17,1,17,1,18,1,18,1,18,1,18,1,18,2,18,2,19,2,19,2,19,3,18,3,18,4,18,4,18,5,18,5,18,5,18,6,17,6,4,1,0,0,0,0,0,0,0,0,0,1,2,5,13,28,14,28,14,28,15,27,20,21,20,21,20,21,20,20,20,19,20,18,20,18,20,17,20,17,21,17,22,17,22,16,22,16,23,15,23,15,24,14,24,13,23,12,23,12,23,12,23,12,24,11,24,11,25,11,26,10,27,10,26,17,27,8,28,8,29,8,29,8,29,8,29,8,29,9,29,9,30,9,31,9,31,9,31,9,32,10,33,11,32,11,32,12,32,12,32,12,31,13,31,13,31,14,30,15,30,16,29,16,29,17,28,18,8,5,1,1,-1,-1,-1,-1,0,0,-1,-1,-1,-1,0,-1,0,-1,-2,0,-10,3,-31,11,-32,9,-33,8,-33,8,-32,7,-32,6,-31,5,-32,4,-32,4,-33,3,-34,3,-33,3,-33,2,-33,2,-33,2,-33,2,-32,2,-30,2,-29,1,-29,1,-29,1,-29,1,-29,1,-30,2,-30,2,-29,3,-30,-2,-28,4,-28,5,-28,5,-28,6,-28,6,-27,6,-27,6,-27,6,-28,7,-28,9,-27,10,-27,11,-27,11,-28,12,-27,12,-27,12,-27,13,-26,13,-25,13,-25,14,-26,15,-26,15,-25,16,-25,16,-25,17,-25,17,-30,12,-30,13,-30,13,-30,14,-6,2]"
CSI_DATA,35402,1a:00:00:00:00:00,-25,11,1,0,1,1,1,0,0,0,0,-96,0,11,2,11228925,0,47,0,384,1,"[47,-16,2,0,0,0,0,0,0,0,3,-2,12,-7,12,-7,13,-7,13,-7,12,-7,12,-7,11,-7,11,-7,11,-7,11,-8,11,-8,11,-9,11,-9,10,-9,10,-9,10,-9,10,-9,9,-9,9,-10,9,-10,9,-9,9,-9,8,-10,9,-11,9,-11,9,-11,4,-6,9,-12,9,-12,9,-13,9,-13,9,-13,9,-13,9,-13,9,-13,9,-13,9,-13,10,-13,10,-13,10,-13,10,-13,11,-13,12,-13,12,-13,12,-13,12,-12,12,-12,12,-12,13,-11,13,-11,13,-11,13,-10,13,-10,3,-3,0,0,0,0,0,0,0,0,-1,-1,3,-1,27,-4,28,-5,28,-6,27,-6,25,-10,25,-10,25,-10,25,-10,23,-11,22,-11,22,-11,22,-11,22,-11,22,-12,22,-13,22,-14,22,-14,21,-14,21,-14,21,-15,21,-15,19,-15,19,-15,19,-15,19,-15,19,-16,18,-17,18,-18,19,-19,19,-20,21,-18,18,-20,19,-20,19,-21,18,-22,19,-21,19,-21,20,-21,20,-21,20,-22,20,-22,20,-23,21,-23,21,-23,22,-23,23,-22,24,-22,24,-22,24,-21,24,-20,24,-20,25,-19,26,-18,25,-18,26,-18,26,-18,27,-17,6,-5,-1,-1,-1,-1,-1,-1,0,0,-1,-1,-1,-1,-1,-1,-1,-1,-1,-1,0,7,1,28,0,29,-1,30,-2,30,-3,29,-4,28,-5,27,-5,27,-6,27,-6,27,-6,28,-6,29,-7,28,-7,28,-8,27,-8,27,-8,27,-8,25,-8,24,-8,24,-9,24,-8,24,-7,24,-7,24,-7,25,-6,25,-8,25,-5,24,-5,24,-4,25,-3,25,-4,24,-4,24,-4,24,-4,24,-3,24,-1,25,0,25,1,25,1,26,1,26,1,26,1,26,2,26,3,26,3,25,3,25,4,25,4,25,4,25,6,25,6,26,5,26,3,27,3,28,3,29,4,29,0,3]"
CSI_DATA,35403,1a:00:00:00:00:00,-25,11,1,0,1,1,1,0,0,0,0,-96,0,11,2,11280239,0,47,0,384,1,"[47,-16,2,0,0,0,0,0,0,0,-4,2,-14,9,-13,9,-14,10,-14,10,-13,9,-13,9,-12,9,-12,9,-12,10,-11,10,-12,11,-12,11,-12,11,-11,10,-11,11,-11,11,-10,11,-9,11,-10,12,-10,11,-10,11,-9,11,-9,12,-9,13,-9,13,-10,13,-5,7,-9,14,-9,14,-9,15,-9,15,-9,14,-9,15,-9,15,-9,15,-9,15,-9,15,-10,15,-10,15,-10,15,-11,15,-11,16,-12,16,-12,16,-12,15,-12,15,-12,15,-13,14,-13,14,-14,13,-14,13,-14,13,-14,12,-4,3,0,0,0,0,0,0,0,0,-1,-1,-5,0,-31,6,-31,7,-32,9,-31,9,-27,13,-27,14,-27,14,-27,14,-26,14,-25,14,-25,14,-24,15,-24,14,-23,15,-24,17,-24,18,-24,17,-23,17,-22,17,-22,18,-22,18,-21,18,-20,18,-21,18,-20,18,-20,19,-19,19,-19,21,-20,22,-20,23,-24,21,-19,23,-19,23,-19,24,-19,25,-20,25,-21,25,-20,25,-20,25,-20,25,-21,26,-21,26,-21,26,-23,26,-24,26,-24,26,-25,26,-25,26,-26,25,-26,24,-27,24,-27,23,-27,22,-27,21,-28,21,-29,20,-30,19,-8,4,-1,-1,-1,-1,0,0,0,0,-1,-1,-1,-1,-1,-1,-1,-1,-1,-1,-3,-9,-9,-33,-8,-33,-7,-34,-6,-34,-5,-33,-4,-33,-3,-33,-2,-32,-1,-32,-1,-33,-1,-34,-1,-34,0,-34,0,-33,1,-33,1,-33,1,-32,1,-30,2,-30,2,-30,2,-30,1,-29,1,-29,1,-29,1,-30,0,-30,4,-30,0,-28,0,-29,-1,-29,-3,-29,-2,-30,-3,-30,-3,-29,-3,-28,-4,-28,-5,-29,-6,-29,-7,-28,-7,-29,-7,-30,-8,-30,-8,-30,-9,-30,-9,-30,-9,-29,-10,-28,-11,-29,-11,-28,-11,-28,-12,-29,-12,-29,-12,-29,-7,-31,-8,-33,-8,-34,-8,-33,-2,-5]"
CSI_DATA,35404,1a:00:00:00:00:00,-25,11,1,0,1,1,1,0,0,0,0,-96,0,11,2,11330750,0,47,0,384,1,"[47,-16,2,0,0,0,0,0,0,0,-1,3,-3,14,-2,14,-2,14,-2,14,-2,14,-1,13,-1,13,-1,13,0,13,0,13,0,13,0,14,0,13,1,13,1,13,1,13,2,13,3,12,3,13,3,13,3,12,3,12,3,12,4,13,4,13,4,14,2,6,5,13,5,14,5,14,5,14,5,14,6,14,6,14,6,14,6,14,6,14,6,15,6,15,6,15,5,15,5,15,5,16,5,16,5,16,4,16,4,16,4,16,3,16,3,16,2,16,2,16,2,16,0,4,0,0,0,0,0,0,0,0,-1,1,-3,4,-14,25,-13,25,-12,26,-12,26,-7,26,-7,26,-7,26,-6,26,-6,25,-5,25,-4,24,-4,24,-4,23,-3,24,-3,25,-3,25,-2,25,-2,25,-1,25,-1,25,0,25,1,24,1,24,1,24,2,23,2,23,3,23,3,24,4,25,4,26,1,28,6,25,6,25,7,26,7,27,7,27,7,27,7,27,7,27,7,27,7,28,7,28,7,28,7,29,7,30,6,30,5,31,5,31,5,31,4,31,4,31,3,31,2,30,1,30,1,30,0,31,-1,31,-1,9,-1,1,-1,-1,0,-2,-1,-1,-1,-1,-1,-1,-1,-1,-1,-1,-1,-1,-6,-5,-24,-18,-24,-19,-24,-20,-23,-21,-22,-21,-21,-21,-21,-21,-20,-21,-19,-22,-19,-22,-20,-23,-20,-24,-20,-24,-19,-24,-18,-23,-18,-24,-18,-23,-17,-22,-16,-22,-17,-22,-17,-21,-17,-21,-16,-21,-17,-21,-17,-21,-18,-21,-15,-23,-17,-19,-18,-19,-19,-19,-19,-18,-19,-18,-20,-18,-20,-18,-20,-17,-20,-17,-21,-16,-22,-15,-22,-15,-22,-15,-23,-15,-23,-14,-24,-15,-24,-14,-24,-14,-24,-13,-24,-12,-25,-12,-25,-11,-25,-11,-25,-11,-26,-11,-26,-11,-24,-15,-25,-15,-27,-15,-27,-14,-4,-2]"
CSI_DATA,35405,1a:00:00:00:00:00,-25,11,1,0,1,1,1,0,0,0,0,-96,0,11,2,11381782,0,47,0,384,1,"[47,-16,2,0,0,0,0,0,0,0,2,2,9,10,9,10,10,10,9,10,9,10,9,9,9,9,9,8,10,8,10,8,10,8,10,8,11,8,10,8,10,7,11,7,11,7,11,6,11,6,11,6,11,6,11,6,11,6,12,6,12,6,12,6,6,3,13,5,13,6,14,6,14,5,13,5,14,5,14,5,14,5,14,5,15,6,15,6,14,6,14,6,14,7,15,7,15,8,15,8,14,8,14,8,14,8,14,9,14,9,13,10,13,10,13,10,12,10,3,2,0,0,0,0,0,0,0,0,0,2,3,8,23,50,24,50,26,49,27,48,32,43,32,42,32,42,32,41,32,39,32,37,33,36,33,35,33,34,34,35,36,35,37,35,36,34,37,34,38,33,39,32,39,30,39,29,38,28,38,28,39,27,40,26,41,26,43,26,45,27,46,26,45,32,46,23,48,24,49,24,51,24,51,24,51,24,50,24,51,24,52,25,53,26,54,27,53,27,54,30,54,31,54,32,54,34,55,34,54,34,53,35,52,36,51,37,49,38,47,39,46,41,45,43,44,43,12,13,1,2,-1,-1,-2,-2,-1,-1,-1,-1,-1,-1,-1,-1,-1,-1,-1,-1,-15,4,-57,19,-58,18,-58,15,-59,13,-58,12,-57,10,-57,10,-57,9,-57,7,-58,5,-60,5,-61,5,-60,3,-59,2,-58,2,-58,2,-58,2,-54,1,-53,0,-53,1,-52,2,-52,2,-52,2,-53,1,-54,1,-54,2,-53,-3,-50,4,-51,4,-51,6,-51,7,-52,8,-51,8,-50,9,-49,10,-49,12,-50,14,-50,15,-49,16,-50,16,-50,17,-50,18,-51,18,-51,20,-50,21,-48,22,-47,23,-48,24,-47,25,-47,25,-48,26,-49,26,-49,26,-52,21,-55,23,-57,24,-54,24,-7,2]"
CSI_DATA,35406,1a:00:00:00:00:00,-25,11,1,0,1,1,1,0,0,0,0,-96,0,11,2,11434208,0,47,0,384,1,"[47,-16,2,0,0,0,0,0,0,0,-2,-4,-5,-14,-6,-14,-6,-14,-6,-14,-6,-13,-6,-13,-6,-13,-6,-13,-7,-12,-7,-12,-8,-12,-8,-13,-8,-12,-8,-12,-8,-12,-8,-12,-9,-11,-9,-10,-9,-10,-9,-11,-9,-11,-9,-10,-10,-10,-11,-10,-11,-10,-11,-11,-6,-5,-12,-10,-12,-11,-12,-11,-13,-10,-12,-10,-12,-11,-13,-11,-13,-10,-13,-10,-13,-11,-13,-11,-13,-11,-13,-11,-13,-11,-13,-12,-14,-12,-14,-13,-13,-13,-12,-13,-12,-13,-12,-13,-12,-14,-11,-14,-11,-14,-11,-14,-10,-14,-3,-4,0,0,0,0,0,0,0,0,-1,-1,-1,-4,-1,-28,-2,-29,-2,-29,-3,-29,-7,-27,-7,-27,-7,-27,-8,-26,-9,-25,-9,-24,-9,-24,-9,-24,-9,-24,-10,-24,-11,-24,-12,-24,-12,-24,-12,-23,-12,-23,-13,-23,-14,-23,-14,-21,-14,-20,-14,-21,-14,-21,-15,-21,-16,-20,-17,-20,-18,-21,-18,-21,-16,-23,-19,-20,-19,-21,-20,-21,-21,-20,-20,-20,-20,-21,-20,-22,-20,-21,-21,-22,-21,-22,-22,-22,-22,-22,-22,-23,-22,-24,-22,-24,-21,-25,-21,-25,-21,-25,-20,-26,-19,-26,-19,-27,-18,-27,-18,-27,-18,-27,-17,-27,-16,-28,-4,-7,-1,-1,-1,-1,-1,-1,0,0,-1,-1,-1,-1,-1,-1,-1,-1,-1,-1,7,0,28,3,28,4,28,6,28,7,28,7,26,7,26,8,26,9,26,10,26,10,27,10,27,10,27,11,26,11,25,11,25,11,25,11,23,11,22,10,23,10,23,10,23,10,23,10,23,10,24,9,24,9,23,11,22,8,23,8,24,7,24,6,24,6,23,6,23,6,23,5,24,5,24,4,24,2,25,2,25,1,26,1,26,1,26,1,26,0,25,-1,25,-1,25,-2,26,-2,26,-2,26,-3,26,-4,26,-4,26,-4,28,0,29,0,29,-1,29,-1,3,-1]"
